frame,track_id,label,is_true_detection
1,-1,,0
2,-1,,0
3,-1,,0
4,-1,,0
5,-1,,0
6,-1,,0
7,-1,,0
8,-1,,0
9,-1,,0
10,-1,,0
11,-1,,0
12,-1,,0
13,-1,,0
14,-1,,0
15,-1,,0
16,-1,,0
17,-1,,0
18,-1,,0
19,-1,,0
20,-1,,0
21,-1,,0
22,-1,,0
23,-1,,0
24,-1,,0
25,-1,,0
26,-1,,0
27,-1,,0
28,-1,,0
29,-1,,0
30,-1,,0
31,-1,,0
32,-1,,0
33,-1,,0
34,-1,,0
35,-1,,0
36,-1,,0
37,-1,,0
38,-1,,0
39,-1,,0
40,-1,,0
41,-1,,0
42,-1,,0
43,-1,,0
44,-1,,0
45,-1,,0
46,-1,,0
47,-1,,0
48,-1,,0
49,-1,,0
50,-1,,0
51,-1,,0
52,-1,,0
53,-1,,0
54,-1,,0
55,-1,,0
56,-1,,0
57,-1,,0
58,-1,,0
59,-1,,0
60,-1,,0
61,-1,,0
62,-1,,0
63,-1,,0
64,-1,,0
65,-1,,0
66,-1,,0
67,-1,,0
68,-1,,0
69,-1,,0
70,-1,,0
71,-1,,0
72,-1,,0
73,-1,,0
74,-1,,0
75,-1,,0
76,-1,,0
77,-1,,0
78,-1,,0
79,-1,,0
80,-1,,0
81,-1,,0
82,-1,,0
83,-1,,0
84,-1,,0
85,-1,,0
86,-1,,0
87,-1,,0
88,-1,,0
89,-1,,0
90,-1,,0
91,-1,,0
92,-1,,0
93,-1,,0
94,-1,,0
95,-1,,0
96,-1,,0
97,-1,,0
98,-1,,0
99,-1,,0
100,-1,,0
101,-1,,0
102,-1,,0
103,-1,,0
104,-1,,0
105,-1,,0
106,-1,,0
107,-1,,0
108,-1,,0
109,-1,,0
110,-1,,0
111,-1,,0
112,-1,,0
113,-1,,0
114,-1,,0
115,-1,,0
116,-1,,0
117,-1,,0
118,-1,,0
119,-1,,0
120,-1,,0
121,-1,,0
122,-1,,0
123,-1,,0
124,-1,,0
125,-1,,0
126,-1,,0
127,-1,,0
128,-1,,0
129,-1,,0
130,-1,,0
131,-1,,0
132,-1,,0
133,-1,,0
134,-1,,0
135,-1,,0
136,-1,,0
137,-1,,0
138,-1,,0
139,-1,,0
140,-1,,0
141,-1,,0
142,-1,,0
143,-1,,0
144,-1,,0
145,-1,,0
146,-1,,0
147,-1,,0
148,-1,,0
149,-1,,0
150,-1,,0
151,-1,,0
152,-1,,0
153,-1,,0
154,-1,,0
155,-1,,0
156,-1,,0
157,-1,,0
158,-1,,0
159,-1,,0
160,-1,,0
161,-1,,0
162,-1,,0
163,-1,,0
164,-1,,0
165,-1,,0
166,-1,,0
167,-1,,0
168,-1,,0
169,-1,,0
170,-1,,0
171,-1,,0
172,-1,,0
173,-1,,0
174,-1,,0
175,-1,,0
176,-1,,0
177,-1,,0
178,-1,,0
179,-1,,0
180,-1,,0
181,-1,,0
182,-1,,0
183,-1,,0
184,-1,,0
185,-1,,0
186,-1,,0
187,-1,,0
188,-1,,0
189,2,turtlebot,1
190,2,turtlebot,1
191,2,turtlebot,1
192,2,turtlebot,1
193,2,turtlebot,1
194,2,turtlebot,1
195,2,turtlebot,1
196,2,turtlebot,1
197,2,turtlebot,1
198,2,turtlebot,1
199,2,turtlebot,1
200,2,turtlebot,1
201,2,turtlebot,1
202,2,turtlebot,1
203,2,turtlebot,1
204,2,turtlebot,1
205,2,turtlebot,1
206,2,turtlebot,1
207,2,turtlebot,1
208,2,turtlebot,1
209,2,turtlebot,1
210,2,turtlebot,1
211,2,turtlebot,1
212,2,turtlebot,1
213,2,turtlebot,1
214,2,turtlebot,1
215,2,turtlebot,1
216,2,turtlebot,1
217,2,turtlebot,1
218,2,turtlebot,1
219,2,turtlebot,1
220,2,turtlebot,1
221,2,turtlebot,1
222,2,turtlebot,1
223,2,turtlebot,1
224,2,turtlebot,1
225,2,turtlebot,1
226,2,turtlebot,1
227,2,turtlebot,1
228,2,turtlebot,1
229,2,turtlebot,1
230,2,turtlebot,1
231,2,turtlebot,1
232,2,turtlebot,1
233,2,turtlebot,1
234,2,turtlebot,1
235,2,turtlebot,1
236,2,turtlebot,1
237,2,turtlebot,1
238,2,turtlebot,1
239,2,turtlebot,1
240,2,turtlebot,1
241,2,turtlebot,1
242,2,turtlebot,1
243,2,turtlebot,1
244,2,turtlebot,1
245,2,turtlebot,1
246,2,turtlebot,1
247,2,turtlebot,1
248,2,turtlebot,1
249,2,turtlebot,1
250,2,turtlebot,1
251,2,turtlebot,1
252,2,turtlebot,1
253,2,turtlebot,1
254,2,turtlebot,1
255,2,turtlebot,1
256,2,turtlebot,1
257,2,turtlebot,1
258,2,turtlebot,1
259,2,turtlebot,1
260,2,turtlebot,1
261,2,turtlebot,1
262,2,turtlebot,1
263,2,turtlebot,1
264,2,turtlebot,1
265,2,turtlebot,1
266,2,turtlebot,1
267,2,turtlebot,1
268,2,turtlebot,1
269,2,turtlebot,1
270,2,turtlebot,1
271,2,turtlebot,1
272,2,turtlebot,1
273,2,turtlebot,1
274,2,turtlebot,1
275,2,turtlebot,1
276,2,turtlebot,1
277,2,turtlebot,1
278,2,turtlebot,1
279,2,turtlebot,1
280,2,turtlebot,1
281,2,turtlebot,1
282,2,turtlebot,1
283,2,turtlebot,1
284,2,turtlebot,1
285,2,turtlebot,1
286,2,turtlebot,1
287,2,turtlebot,1
288,2,turtlebot,1
289,2,turtlebot,1
290,2,turtlebot,1
291,2,turtlebot,1
292,2,turtlebot,1
293,2,turtlebot,1
294,2,turtlebot,1
295,2,turtlebot,1
296,2,turtlebot,1
297,2,turtlebot,1
298,2,turtlebot,1
299,2,turtlebot,1
300,2,turtlebot,1
301,2,turtlebot,1
302,2,turtlebot,1
303,2,turtlebot,1
304,2,turtlebot,1
305,2,turtlebot,1
306,2,turtlebot,1
307,2,turtlebot,1
308,2,turtlebot,1
309,2,turtlebot,1
310,2,turtlebot,1
311,2,turtlebot,1
312,2,turtlebot,1
313,2,turtlebot,1
314,2,turtlebot,1
315,2,turtlebot,1
316,2,turtlebot,1
317,2,turtlebot,1
318,2,turtlebot,1
319,2,turtlebot,1
320,2,turtlebot,1
321,2,turtlebot,1
322,2,turtlebot,1
323,2,turtlebot,1
324,2,turtlebot,1
325,2,turtlebot,1
326,2,turtlebot,1
327,2,turtlebot,1
328,2,turtlebot,1
329,2,turtlebot,1
330,2,turtlebot,1
331,2,turtlebot,1
332,2,turtlebot,1
333,2,turtlebot,1
334,2,turtlebot,1
335,2,turtlebot,1
336,2,turtlebot,1
337,2,turtlebot,1
338,2,turtlebot,1
339,2,turtlebot,1
340,2,turtlebot,1
341,2,turtlebot,1
342,2,turtlebot,1
343,2,turtlebot,1
344,2,turtlebot,1
345,2,turtlebot,1
346,2,turtlebot,1
347,2,turtlebot,1
348,2,turtlebot,1
349,2,turtlebot,1
350,2,turtlebot,1
351,2,turtlebot,1
352,2,turtlebot,1
353,2,turtlebot,1
354,2,turtlebot,1
355,2,turtlebot,1
356,2,turtlebot,1
357,2,turtlebot,1
358,2,turtlebot,1
359,2,turtlebot,1
360,2,turtlebot,1
361,2,turtlebot,1
362,2,turtlebot,1
363,2,turtlebot,1
364,2,turtlebot,1
365,2,turtlebot,1
366,2,turtlebot,1
367,2,turtlebot,1
368,2,turtlebot,1
369,2,turtlebot,1
370,2,turtlebot,1
371,2,turtlebot,1
372,2,turtlebot,1
373,2,turtlebot,1
374,2,turtlebot,1
375,2,turtlebot,1
376,2,turtlebot,1
377,2,turtlebot,1
378,2,turtlebot,1
379,2,turtlebot,1
380,2,turtlebot,1
381,2,turtlebot,1
382,2,turtlebot,1
383,2,turtlebot,1
384,2,turtlebot,1
385,2,turtlebot,1
386,2,turtlebot,1
387,2,turtlebot,1
388,2,turtlebot,1
389,2,turtlebot,1
390,2,turtlebot,1
391,2,turtlebot,1
392,2,turtlebot,1
393,2,turtlebot,1
394,2,turtlebot,1
395,2,turtlebot,1
396,2,turtlebot,1
397,2,turtlebot,1
398,2,turtlebot,1
399,2,turtlebot,1
400,2,turtlebot,1
401,2,turtlebot,1
402,2,turtlebot,1
403,2,turtlebot,1
404,2,turtlebot,1
405,2,turtlebot,1
406,2,turtlebot,1
407,2,turtlebot,1
408,2,turtlebot,1
409,2,turtlebot,1
410,2,turtlebot,1
411,2,turtlebot,1
412,2,turtlebot,1
413,2,turtlebot,1
414,2,turtlebot,1
415,2,turtlebot,1
416,2,turtlebot,1
417,2,turtlebot,1
418,2,turtlebot,1
419,2,turtlebot,1
420,2,turtlebot,1
421,2,turtlebot,1
422,2,turtlebot,1
423,2,turtlebot,1
424,2,turtlebot,1
425,2,turtlebot,1
426,2,turtlebot,1
427,2,turtlebot,1
428,2,turtlebot,1
429,2,turtlebot,1
430,2,turtlebot,1
431,2,turtlebot,1
432,2,turtlebot,1
433,2,turtlebot,1
434,2,turtlebot,1
435,2,turtlebot,1
436,2,turtlebot,1
437,2,turtlebot,1
438,2,turtlebot,1
439,2,turtlebot,1
440,2,turtlebot,1
441,2,turtlebot,1
442,2,turtlebot,1
443,2,turtlebot,1
444,2,turtlebot,1
445,2,turtlebot,1
446,2,turtlebot,1
447,2,turtlebot,1
448,2,turtlebot,1
449,2,turtlebot,1
450,2,turtlebot,1
451,2,turtlebot,1
452,2,turtlebot,1
453,2,turtlebot,1
454,2,turtlebot,1
455,2,turtlebot,1
456,2,turtlebot,1
457,2,turtlebot,1
458,2,turtlebot,1
459,2,turtlebot,1
460,2,turtlebot,1
461,2,turtlebot,1
462,2,turtlebot,1
463,2,turtlebot,1
464,2,turtlebot,1
465,2,turtlebot,1
466,2,turtlebot,1
467,2,turtlebot,1
468,2,turtlebot,1
469,2,turtlebot,1
470,2,turtlebot,1
471,2,turtlebot,1
472,2,turtlebot,1
473,2,turtlebot,1
474,2,turtlebot,1
475,2,turtlebot,1
476,2,turtlebot,1
477,2,turtlebot,1
478,2,turtlebot,1
479,2,turtlebot,1
480,2,turtlebot,1
481,2,turtlebot,1
482,2,turtlebot,1
483,2,turtlebot,1
484,2,turtlebot,1
485,2,turtlebot,1
486,2,turtlebot,1
487,2,turtlebot,1
488,2,turtlebot,1
489,2,turtlebot,1
490,2,turtlebot,1
491,2,turtlebot,1
492,2,turtlebot,1
493,2,turtlebot,1
494,2,turtlebot,1
495,2,turtlebot,1
496,2,turtlebot,1
497,2,turtlebot,1
498,2,turtlebot,1
499,2,turtlebot,1
500,2,turtlebot,1
501,2,turtlebot,1
502,2,turtlebot,1
503,2,turtlebot,1
504,2,turtlebot,1
505,2,turtlebot,1
506,2,turtlebot,1
507,2,turtlebot,1
508,2,turtlebot,1
509,2,turtlebot,1
510,2,turtlebot,1
511,2,turtlebot,1
512,2,turtlebot,1
513,2,turtlebot,1
514,2,turtlebot,1
515,2,turtlebot,1
516,2,turtlebot,1
517,2,turtlebot,1
518,2,turtlebot,1
519,2,turtlebot,1
520,2,turtlebot,1
521,2,turtlebot,1
522,2,turtlebot,1
523,2,turtlebot,1
524,2,turtlebot,1
525,2,turtlebot,1
526,2,turtlebot,1
527,2,turtlebot,1
528,2,turtlebot,1
529,2,turtlebot,1
530,2,turtlebot,1
531,2,turtlebot,1
532,2,turtlebot,1
533,2,turtlebot,1
534,2,turtlebot,1
535,2,turtlebot,1
536,2,turtlebot,1
537,2,turtlebot,1
538,2,turtlebot,1
539,2,turtlebot,1
540,2,turtlebot,1
541,2,turtlebot,1
542,2,turtlebot,1
543,2,turtlebot,1
544,2,turtlebot,1
545,2,turtlebot,1
546,2,turtlebot,1
547,2,turtlebot,1
548,2,turtlebot,1
549,2,turtlebot,1
550,2,turtlebot,1
551,2,turtlebot,1
552,2,turtlebot,1
553,2,turtlebot,1
554,2,turtlebot,1
555,2,turtlebot,1
556,2,turtlebot,1
557,2,turtlebot,1
558,2,turtlebot,1
559,2,turtlebot,1
560,2,turtlebot,1
561,2,turtlebot,1
562,2,turtlebot,1
563,2,turtlebot,1
564,2,turtlebot,1
565,2,turtlebot,1
566,2,turtlebot,1
567,2,turtlebot,1
568,2,turtlebot,1
569,2,turtlebot,1
570,2,turtlebot,1
571,2,turtlebot,1
572,2,turtlebot,1
573,2,turtlebot,1
574,2,turtlebot,1
575,2,turtlebot,1
576,2,turtlebot,1
577,2,turtlebot,1
578,2,turtlebot,1
579,2,turtlebot,1
580,2,turtlebot,1
581,2,turtlebot,1
582,2,turtlebot,1
583,2,turtlebot,1
584,2,turtlebot,1
585,2,turtlebot,1
586,2,turtlebot,1
587,2,turtlebot,1
588,2,turtlebot,1
589,2,turtlebot,1
590,2,turtlebot,1
591,2,turtlebot,1
592,2,turtlebot,1
593,2,turtlebot,1
594,2,turtlebot,1
595,2,turtlebot,1
596,2,turtlebot,1
597,2,turtlebot,1
598,2,turtlebot,1
599,2,turtlebot,1
600,2,turtlebot,1
601,2,turtlebot,1
602,2,turtlebot,1
603,2,turtlebot,1
604,2,turtlebot,1
605,2,turtlebot,1
606,2,turtlebot,1
607,2,turtlebot,1
608,2,turtlebot,1
609,2,turtlebot,1
610,2,turtlebot,1
611,2,turtlebot,1
612,2,turtlebot,1
613,2,turtlebot,1
614,2,turtlebot,1
615,2,turtlebot,1
616,2,turtlebot,1
617,2,turtlebot,1
618,2,turtlebot,1
619,2,turtlebot,1
620,2,turtlebot,1
621,2,turtlebot,1
622,2,turtlebot,1
623,2,turtlebot,1
624,2,turtlebot,1
625,2,turtlebot,1
626,2,turtlebot,1
627,2,turtlebot,1
628,2,turtlebot,1
629,2,turtlebot,1
630,2,turtlebot,1
631,2,turtlebot,1
632,2,turtlebot,1
633,2,turtlebot,1
634,2,turtlebot,1
635,2,turtlebot,1
636,2,turtlebot,1
637,2,turtlebot,1
638,2,turtlebot,1
639,2,turtlebot,1
640,2,turtlebot,1
641,2,turtlebot,1
642,2,turtlebot,1
643,2,turtlebot,1
644,2,turtlebot,1
645,2,turtlebot,1
646,2,turtlebot,1
647,2,turtlebot,1
648,2,turtlebot,1
649,2,turtlebot,1
650,2,turtlebot,1
651,2,turtlebot,1
652,2,turtlebot,1
653,2,turtlebot,1
654,2,turtlebot,1
655,2,turtlebot,1
656,2,turtlebot,1
657,2,turtlebot,1
658,2,turtlebot,1
659,2,,0
660,2,,0
661,2,,0
662,2,,0
663,2,,0
664,2,,0
665,2,,0
666,2,,0
667,2,,0
668,2,,0
669,7,turtlebot,1
670,7,turtlebot,1
671,7,turtlebot,1
672,7,turtlebot,1
673,7,turtlebot,1
674,7,turtlebot,1
675,7,turtlebot,1
676,7,turtlebot,1
677,7,turtlebot,1
678,7,turtlebot,1
679,7,turtlebot,1
680,7,turtlebot,1
681,7,turtlebot,1
682,7,turtlebot,1
683,7,turtlebot,1
684,7,turtlebot,1
685,7,turtlebot,1
686,7,turtlebot,1
687,7,turtlebot,1
688,7,turtlebot,1
689,7,turtlebot,1
690,7,turtlebot,1
691,7,turtlebot,1
692,7,turtlebot,1
693,7,turtlebot,1
694,7,turtlebot,1
695,7,turtlebot,1
696,7,turtlebot,1
697,7,turtlebot,1
698,7,,0
699,7,,0
700,7,,0
701,7,,0
702,7,,0
703,7,,0
704,7,,0
705,7,,0
706,7,,0
707,7,,0
708,49,turtlebot,1
709,49,,0
710,49,,0
711,49,,0
712,49,,0
713,49,,0
714,49,,0
715,49,,0
716,49,,0
717,49,,0
718,49,,0
719,48,turtlebot,1
720,48,turtlebot,1
721,48,turtlebot,1
722,48,turtlebot,1
723,48,turtlebot,1
724,48,turtlebot,1
725,48,turtlebot,1
726,48,turtlebot,1
727,48,turtlebot,1
728,48,turtlebot,1
729,48,turtlebot,1
730,48,turtlebot,1
731,48,turtlebot,1
732,48,turtlebot,1
733,48,turtlebot,1
734,48,turtlebot,1
735,48,turtlebot,1
736,48,turtlebot,1
737,48,turtlebot,1
738,48,turtlebot,1
739,48,turtlebot,1
740,48,turtlebot,1
741,48,turtlebot,1
742,48,turtlebot,1
743,48,turtlebot,1
744,48,turtlebot,1
745,48,turtlebot,1
746,48,turtlebot,1
747,48,turtlebot,1
748,48,turtlebot,1
749,48,turtlebot,1
750,48,turtlebot,1
751,48,turtlebot,1
752,48,turtlebot,1
753,48,turtlebot,1
754,48,turtlebot,1
755,48,turtlebot,1
756,48,turtlebot,1
757,48,turtlebot,1
758,48,turtlebot,1
759,48,turtlebot,1
760,48,turtlebot,1
761,48,turtlebot,1
762,48,turtlebot,1
763,48,turtlebot,1
764,48,turtlebot,1
765,48,turtlebot,1
766,48,turtlebot,1
767,48,turtlebot,1
768,48,turtlebot,1
769,48,turtlebot,1
770,48,turtlebot,1
771,48,turtlebot,1
772,48,turtlebot,1
773,48,turtlebot,1
774,48,turtlebot,1
775,48,turtlebot,1
776,48,turtlebot,1
777,48,turtlebot,1
778,48,turtlebot,1
779,48,turtlebot,1
780,48,turtlebot,1
781,48,turtlebot,1
782,48,turtlebot,1
783,48,turtlebot,1
784,48,turtlebot,1
785,48,turtlebot,1
786,48,turtlebot,1
787,48,turtlebot,1
788,48,turtlebot,1
789,48,turtlebot,1
790,48,turtlebot,1
791,48,turtlebot,1
792,48,turtlebot,1
793,48,turtlebot,1
794,48,turtlebot,1
795,48,turtlebot,1
796,48,turtlebot,1
797,48,turtlebot,1
798,48,turtlebot,1
799,48,turtlebot,1
800,48,turtlebot,1
801,48,,0
802,48,,0
803,48,,0
804,48,,0
805,48,,0
806,48,,0
807,48,,0
808,48,,0
809,48,,0
810,48,,0
811,62,turtlebot,1
812,62,turtlebot,1
813,62,turtlebot,1
814,62,turtlebot,1
815,62,turtlebot,1
816,62,turtlebot,1
817,62,turtlebot,1
818,62,turtlebot,1
819,62,turtlebot,1
820,62,turtlebot,1
821,62,turtlebot,1
822,62,turtlebot,1
823,62,turtlebot,1
824,62,turtlebot,1
825,62,turtlebot,1
826,62,turtlebot,1
827,62,turtlebot,1
828,62,turtlebot,1
829,62,turtlebot,1
830,62,turtlebot,1
831,62,turtlebot,1
832,62,turtlebot,1
833,62,turtlebot,1
834,62,turtlebot,1
835,62,turtlebot,1
836,62,turtlebot,1
837,62,turtlebot,1
838,62,turtlebot,1
839,62,turtlebot,1
840,62,turtlebot,1
841,62,turtlebot,1
842,62,turtlebot,1
843,62,turtlebot,1
844,62,turtlebot,1
845,62,,0
846,62,,0
847,62,,0
848,62,,0
849,62,,0
850,62,,0
851,62,,0
852,62,,0
853,62,,0
854,62,,0
855,64,turtlebot,1
856,64,turtlebot,1
857,64,turtlebot,1
858,64,turtlebot,1
859,64,turtlebot,1
860,64,turtlebot,1
861,64,turtlebot,1
862,64,turtlebot,1
863,64,turtlebot,1
864,64,turtlebot,1
865,64,turtlebot,1
866,64,turtlebot,1
867,64,turtlebot,1
868,64,turtlebot,1
869,64,turtlebot,1
870,64,turtlebot,1
871,64,turtlebot,1
872,64,turtlebot,1
873,64,turtlebot,1
874,64,turtlebot,1
875,64,turtlebot,1
876,64,turtlebot,1
877,64,turtlebot,1
878,64,turtlebot,1
879,64,turtlebot,1
880,64,turtlebot,1
881,64,turtlebot,1
882,64,turtlebot,1
883,64,turtlebot,1
884,64,turtlebot,1
885,64,turtlebot,1
886,64,turtlebot,1
887,64,turtlebot,1
888,64,turtlebot,1
889,64,turtlebot,1
890,64,turtlebot,1
891,64,turtlebot,1
892,64,turtlebot,1
893,64,turtlebot,1
894,64,turtlebot,1
895,64,turtlebot,1
896,64,turtlebot,1
897,64,turtlebot,1
898,64,turtlebot,1
899,64,turtlebot,1
900,64,turtlebot,1
901,64,turtlebot,1
902,64,turtlebot,1
903,64,turtlebot,1
904,64,turtlebot,1
905,64,turtlebot,1
906,64,turtlebot,1
907,64,turtlebot,1
908,64,turtlebot,1
909,64,turtlebot,1
910,64,turtlebot,1
911,64,turtlebot,1
912,64,turtlebot,1
913,64,turtlebot,1
914,64,turtlebot,1
915,64,turtlebot,1
916,64,turtlebot,1
917,64,turtlebot,1
918,64,turtlebot,1
919,64,turtlebot,1
920,64,turtlebot,1
921,64,turtlebot,1
922,64,turtlebot,1
923,64,turtlebot,1
924,64,turtlebot,1
925,64,turtlebot,1
926,64,turtlebot,1
927,64,turtlebot,1
928,64,turtlebot,1
929,64,turtlebot,1
930,64,turtlebot,1
931,64,turtlebot,1
932,64,turtlebot,1
933,64,turtlebot,1
934,64,turtlebot,1
935,64,turtlebot,1
936,64,turtlebot,1
937,64,turtlebot,1
938,64,turtlebot,1
939,64,turtlebot,1
940,64,turtlebot,1
941,64,turtlebot,1
942,64,turtlebot,1
943,64,turtlebot,1
944,64,turtlebot,1
945,64,turtlebot,1
946,64,turtlebot,1
947,64,turtlebot,1
948,64,turtlebot,1
949,64,turtlebot,1
950,64,turtlebot,1
951,64,turtlebot,1
952,64,turtlebot,1
953,64,turtlebot,1
954,64,turtlebot,1
955,64,turtlebot,1
956,64,turtlebot,1
957,64,turtlebot,1
958,64,turtlebot,1
959,64,turtlebot,1
960,64,turtlebot,1
961,64,turtlebot,1
962,64,turtlebot,1
963,64,turtlebot,1
964,64,turtlebot,1
965,64,turtlebot,1
966,64,turtlebot,1
967,64,turtlebot,1
968,64,turtlebot,1
969,64,turtlebot,1
970,64,turtlebot,1
971,64,turtlebot,1
972,64,turtlebot,1
973,64,turtlebot,1
974,64,turtlebot,1
975,64,turtlebot,1
976,64,turtlebot,1
977,64,turtlebot,1
978,64,turtlebot,1
979,64,turtlebot,1
980,64,turtlebot,1
981,64,turtlebot,1
982,64,turtlebot,1
983,64,turtlebot,1
984,64,turtlebot,1
985,64,turtlebot,1
986,64,turtlebot,1
987,64,turtlebot,1
988,64,turtlebot,1
989,64,turtlebot,1
990,64,turtlebot,1
991,64,turtlebot,1
992,64,turtlebot,1
993,64,turtlebot,1
994,64,turtlebot,1
995,64,turtlebot,1
996,64,turtlebot,1
997,64,turtlebot,1
998,64,turtlebot,1
999,64,turtlebot,1
1000,64,turtlebot,1
1001,64,turtlebot,1
1002,64,turtlebot,1
1003,64,turtlebot,1
1004,64,turtlebot,1
1005,64,turtlebot,1
1006,64,turtlebot,1
1007,64,turtlebot,1
1008,64,turtlebot,1
1009,64,turtlebot,1
1010,64,turtlebot,1
1011,64,turtlebot,1
1012,64,turtlebot,1
1013,64,turtlebot,1
1014,64,turtlebot,1
1015,64,turtlebot,1
1016,64,turtlebot,1
1017,64,turtlebot,1
1018,64,turtlebot,1
1019,64,turtlebot,1
1020,64,turtlebot,1
1021,64,turtlebot,1
1022,64,turtlebot,1
1023,64,turtlebot,1
1024,64,turtlebot,1
1025,64,turtlebot,1
1026,64,turtlebot,1
1027,64,turtlebot,1
1028,64,turtlebot,1
1029,64,turtlebot,1
1030,64,turtlebot,1
1031,64,turtlebot,1
1032,64,turtlebot,1
1033,64,turtlebot,1
1034,64,turtlebot,1
1035,64,turtlebot,1
1036,64,turtlebot,1
1037,64,turtlebot,1
1038,64,turtlebot,1
1039,64,turtlebot,1
1040,64,turtlebot,1
1041,64,turtlebot,1
1042,64,,0
1043,64,,0
1044,64,,0
1045,64,,0
1046,64,,0
1047,64,,0
1048,64,,0
1049,64,,0
1050,64,,0
1051,64,,0
1052,72,turtlebot,1
1053,72,turtlebot,1
1054,72,turtlebot,1
1055,72,turtlebot,1
1056,72,turtlebot,1
1057,72,turtlebot,1
1058,72,turtlebot,1
1059,72,turtlebot,1
1060,72,turtlebot,1
1061,72,turtlebot,1
1062,72,turtlebot,1
1063,72,turtlebot,1
1064,72,turtlebot,1
1065,72,turtlebot,1
1066,72,turtlebot,1
1067,72,turtlebot,1
1068,72,turtlebot,1
1069,72,turtlebot,1
1070,72,turtlebot,1
1071,72,turtlebot,1
1072,72,turtlebot,1
1073,72,turtlebot,1
1074,72,turtlebot,1
1075,72,turtlebot,1
1076,72,turtlebot,1
1077,72,turtlebot,1
1078,72,turtlebot,1
1079,72,turtlebot,1
1080,72,turtlebot,1
1081,72,turtlebot,1
1082,72,turtlebot,1
1083,72,turtlebot,1
1084,72,turtlebot,1
1085,72,turtlebot,1
1086,72,turtlebot,1
1087,72,turtlebot,1
1088,72,turtlebot,1
1089,72,turtlebot,1
1090,72,turtlebot,1
1091,72,turtlebot,1
1092,72,turtlebot,1
1093,72,turtlebot,1
1094,72,turtlebot,1
1095,72,turtlebot,1
1096,72,turtlebot,1
1097,72,turtlebot,1
1098,72,turtlebot,1
1099,72,turtlebot,1
1100,72,turtlebot,1
1101,72,turtlebot,1
1102,72,turtlebot,1
1103,72,turtlebot,1
1104,72,turtlebot,1
1105,72,turtlebot,1
1106,72,turtlebot,1
1107,72,turtlebot,1
1108,72,turtlebot,1
1109,72,turtlebot,1
1110,72,turtlebot,1
1111,72,turtlebot,1
1112,72,turtlebot,1
1113,72,turtlebot,1
1114,72,turtlebot,1
1115,72,turtlebot,1
1116,72,turtlebot,1
1117,72,turtlebot,1
1118,72,turtlebot,1
1119,72,turtlebot,1
1120,72,turtlebot,1
1121,72,turtlebot,1
1122,72,turtlebot,1
1123,72,turtlebot,1
1124,72,turtlebot,1
1125,72,turtlebot,1
1126,72,turtlebot,1
1127,72,turtlebot,1
1128,72,turtlebot,1
1129,72,turtlebot,1
1130,72,turtlebot,1
1131,72,turtlebot,1
1132,72,turtlebot,1
1133,72,turtlebot,1
1134,72,turtlebot,1
1135,72,turtlebot,1
1136,72,turtlebot,1
1137,72,turtlebot,1
1138,72,turtlebot,1
1139,72,turtlebot,1
1140,72,turtlebot,1
1141,72,turtlebot,1
1142,72,turtlebot,1
1143,72,turtlebot,1
1144,72,turtlebot,1
1145,72,turtlebot,1
1146,72,turtlebot,1
1147,72,turtlebot,1
1148,72,turtlebot,1
1149,72,turtlebot,1
1150,72,turtlebot,1
1151,72,turtlebot,1
1152,72,turtlebot,1
1153,72,turtlebot,1
1154,72,turtlebot,1
1155,72,turtlebot,1
1156,72,turtlebot,1
1157,72,turtlebot,1
1158,72,turtlebot,1
1159,72,turtlebot,1
1160,72,turtlebot,1
1161,72,turtlebot,1
1162,72,turtlebot,1
1163,72,turtlebot,1
1164,72,turtlebot,1
1165,72,turtlebot,1
1166,72,turtlebot,1
1167,72,turtlebot,1
1168,72,turtlebot,1
1169,72,turtlebot,1
1170,72,turtlebot,1
1171,72,turtlebot,1
1172,72,turtlebot,1
1173,72,turtlebot,1
1174,72,turtlebot,1
1175,72,turtlebot,1
1176,72,turtlebot,1
1177,72,turtlebot,1
1178,72,turtlebot,1
1179,72,turtlebot,1
1180,72,turtlebot,1
1181,72,turtlebot,1
1182,72,turtlebot,1
1183,72,turtlebot,1
1184,72,turtlebot,1
1185,72,turtlebot,1
1186,72,turtlebot,1
1187,72,turtlebot,1
1188,72,turtlebot,1
1189,72,turtlebot,1
1190,72,turtlebot,1
1191,72,turtlebot,1
1192,72,turtlebot,1
1193,72,turtlebot,1
1194,72,turtlebot,1
1195,72,turtlebot,1
1196,72,turtlebot,1
1197,72,turtlebot,1
1198,72,turtlebot,1
1199,72,turtlebot,1
1200,72,turtlebot,1
1201,72,turtlebot,1
1202,72,turtlebot,1
1203,72,turtlebot,1
1204,72,turtlebot,1
1205,72,turtlebot,1
1206,72,turtlebot,1
1207,72,turtlebot,1
1208,72,turtlebot,1
1209,72,turtlebot,1
1210,72,turtlebot,1
1211,72,turtlebot,1
1212,72,turtlebot,1
1213,72,turtlebot,1
1214,72,turtlebot,1
1215,72,turtlebot,1
1216,72,turtlebot,1
1217,72,turtlebot,1
1218,72,turtlebot,1
1219,72,turtlebot,1
1220,72,turtlebot,1
1221,72,turtlebot,1
1222,72,turtlebot,1
1223,72,turtlebot,1
1224,72,turtlebot,1
1225,72,turtlebot,1
1226,72,turtlebot,1
1227,72,turtlebot,1
1228,72,turtlebot,1
1229,72,turtlebot,1
1230,72,turtlebot,1
1231,72,turtlebot,1
1232,72,turtlebot,1
1233,72,turtlebot,1
1234,72,turtlebot,1
1235,72,turtlebot,1
1236,72,turtlebot,1
1237,72,turtlebot,1
1238,72,turtlebot,1
1239,72,turtlebot,1
1240,72,turtlebot,1
1241,72,turtlebot,1
1242,72,turtlebot,1
1243,72,turtlebot,1
1244,72,turtlebot,1
1245,72,turtlebot,1
1246,72,turtlebot,1
1247,72,turtlebot,1
1248,72,turtlebot,1
1249,72,turtlebot,1
1250,72,turtlebot,1
1251,72,turtlebot,1
1252,72,turtlebot,1
1253,72,turtlebot,1
1254,72,turtlebot,1
1255,72,turtlebot,1
1256,72,turtlebot,1
1257,72,turtlebot,1
1258,72,turtlebot,1
1259,72,turtlebot,1
1260,72,turtlebot,1
1261,72,turtlebot,1
1262,72,turtlebot,1
1263,72,turtlebot,1
1264,72,turtlebot,1
1265,72,turtlebot,1
1266,72,turtlebot,1
1267,72,turtlebot,1
1268,72,turtlebot,1
1269,72,turtlebot,1
1270,72,turtlebot,1
1271,72,turtlebot,1
1272,72,turtlebot,1
1273,72,turtlebot,1
1274,72,turtlebot,1
1275,72,turtlebot,1
1276,72,turtlebot,1
1277,72,turtlebot,1
1278,72,turtlebot,1
1279,72,turtlebot,1
1280,72,turtlebot,1
1281,72,turtlebot,1
1282,72,turtlebot,1
1283,72,turtlebot,1
1284,72,turtlebot,1
1285,72,turtlebot,1
1286,72,turtlebot,1
1287,72,turtlebot,1
1288,72,turtlebot,1
1289,72,turtlebot,1
1290,72,turtlebot,1
1291,72,turtlebot,1
1292,72,turtlebot,1
1293,72,turtlebot,1
1294,72,turtlebot,1
1295,72,turtlebot,1
1296,72,turtlebot,1
1297,72,turtlebot,1
1298,72,turtlebot,1
1299,72,turtlebot,1
1300,72,turtlebot,1
1301,72,turtlebot,1
1302,72,turtlebot,1
1303,72,turtlebot,1
1304,72,turtlebot,1
1305,72,turtlebot,1
1306,72,turtlebot,1
1307,72,turtlebot,1
1308,72,turtlebot,1
1309,72,turtlebot,1
1310,72,turtlebot,1
1311,72,turtlebot,1
1312,72,turtlebot,1
1313,72,turtlebot,1
1314,72,turtlebot,1
1315,72,turtlebot,1
1316,72,turtlebot,1
1317,72,turtlebot,1
1318,72,turtlebot,1
1319,72,turtlebot,1
1320,72,turtlebot,1
1321,72,turtlebot,1
1322,72,turtlebot,1
1323,72,turtlebot,1
1324,72,turtlebot,1
1325,72,turtlebot,1
1326,72,turtlebot,1
1327,72,turtlebot,1
1328,72,turtlebot,1
1329,72,turtlebot,1
1330,72,turtlebot,1
1331,72,turtlebot,1
1332,72,turtlebot,1
1333,72,turtlebot,1
1334,72,turtlebot,1
1335,72,turtlebot,1
1336,72,turtlebot,1
1337,72,turtlebot,1
1338,72,turtlebot,1
1339,72,turtlebot,1
1340,72,turtlebot,1
1341,72,turtlebot,1
1342,72,turtlebot,1
1343,72,turtlebot,1
1344,72,turtlebot,1
1345,72,turtlebot,1
1346,72,turtlebot,1
1347,72,turtlebot,1
1348,72,turtlebot,1
1349,72,turtlebot,1
1350,72,turtlebot,1
1351,72,turtlebot,1
1352,72,turtlebot,1
1353,72,turtlebot,1
1354,72,turtlebot,1
1355,72,turtlebot,1
1356,72,turtlebot,1
1357,72,turtlebot,1
1358,72,turtlebot,1
1359,72,turtlebot,1
1360,72,,0
1361,72,,0
1362,72,,0
1363,72,,0
1364,72,,0
1365,72,,0
1366,72,,0
1367,72,,0
1368,72,,0
1369,72,,0
1370,78,turtlebot,1
1371,78,turtlebot,1
1372,78,turtlebot,1
1373,78,turtlebot,1
1374,78,turtlebot,1
1375,78,,0
1376,78,,0
1377,78,,0
1378,78,,0
1379,78,,0
1380,78,,0
1381,78,,0
1382,78,,0
1383,78,,0
1384,78,,0
1385,79,turtlebot,1
1386,79,,0
1387,79,,0
1388,79,,0
1389,79,,0
1390,79,,0
1391,79,,0
1392,79,,0
1393,79,,0
1394,79,,0
1395,79,,0
1396,-1,,0
1397,-1,,0
1398,-1,,0
1399,-1,,0
1400,-1,,0
1401,-1,,0
1402,-1,,0
1403,-1,,0
1404,-1,,0
1405,-1,,0
1406,-1,,0
1407,-1,,0
1408,-1,,0
1409,-1,,0
1410,-1,,0
1411,-1,,0
1412,-1,,0
1413,-1,,0
1414,-1,,0
1415,-1,,0
1416,-1,,0
1417,-1,,0
1418,-1,,0
1419,-1,,0
1420,-1,,0
1421,-1,,0
1422,-1,,0
1423,-1,,0
1424,-1,,0
1425,-1,,0
1426,-1,,0
1427,-1,,0
1428,-1,,0
1429,-1,,0
1430,-1,,0
1431,-1,,0
1432,83,turtlebot,1
1433,83,turtlebot,1
1434,83,turtlebot,1
1435,83,turtlebot,1
1436,83,turtlebot,1
1437,83,turtlebot,1
1438,83,turtlebot,1
1439,83,turtlebot,1
1440,83,turtlebot,1
1441,83,turtlebot,1
1442,83,turtlebot,1
1443,83,turtlebot,1
1444,83,turtlebot,1
1445,83,turtlebot,1
1446,83,turtlebot,1
1447,83,turtlebot,1
1448,83,turtlebot,1
1449,83,turtlebot,1
1450,83,turtlebot,1
1451,83,turtlebot,1
1452,83,turtlebot,1
1453,83,turtlebot,1
1454,83,turtlebot,1
1455,83,turtlebot,1
1456,83,turtlebot,1
1457,83,turtlebot,1
1458,83,turtlebot,1
1459,83,turtlebot,1
1460,83,turtlebot,1
1461,83,turtlebot,1
1462,83,turtlebot,1
1463,83,turtlebot,1
1464,83,turtlebot,1
1465,83,turtlebot,1
1466,83,turtlebot,1
1467,83,turtlebot,1
1468,83,turtlebot,1
1469,83,turtlebot,1
1470,83,turtlebot,1
1471,83,turtlebot,1
1472,83,turtlebot,1
1473,83,turtlebot,1
1474,83,turtlebot,1
1475,83,turtlebot,1
1476,83,turtlebot,1
1477,83,turtlebot,1
1478,83,turtlebot,1
1479,83,turtlebot,1
1480,83,turtlebot,1
1481,83,turtlebot,1
1482,83,turtlebot,1
1483,83,turtlebot,1
1484,83,turtlebot,1
1485,83,turtlebot,1
1486,83,turtlebot,1
1487,83,turtlebot,1
1488,83,turtlebot,1
1489,83,turtlebot,1
1490,83,turtlebot,1
1491,83,turtlebot,1
1492,83,turtlebot,1
1493,83,turtlebot,1
1494,83,turtlebot,1
1495,83,turtlebot,1
1496,83,turtlebot,1
1497,83,turtlebot,1
1498,83,turtlebot,1
1499,83,turtlebot,1
1500,83,turtlebot,1
1501,83,turtlebot,1
1502,83,turtlebot,1
1503,83,turtlebot,1
1504,83,turtlebot,1
1505,83,turtlebot,1
1506,83,turtlebot,1
1507,83,turtlebot,1
1508,83,turtlebot,1
1509,83,,0
1510,83,,0
1511,83,,0
1512,83,,0
1513,83,,0
1514,83,,0
1515,83,,0
1516,83,,0
1517,83,,0
1518,83,,0
1519,86,turtlebot,1
1520,86,turtlebot,1
1521,86,turtlebot,1
1522,86,turtlebot,1
1523,86,turtlebot,1
1524,86,turtlebot,1
1525,86,turtlebot,1
1526,86,turtlebot,1
1527,86,turtlebot,1
1528,86,turtlebot,1
1529,86,turtlebot,1
1530,86,turtlebot,1
1531,86,turtlebot,1
1532,86,turtlebot,1
1533,86,turtlebot,1
1534,86,turtlebot,1
1535,86,turtlebot,1
1536,86,turtlebot,1
1537,86,,0
1538,86,,0
1539,86,,0
1540,86,,0
1541,86,,0
1542,86,,0
1543,86,,0
1544,86,,0
1545,86,,0
1546,86,,0
1547,94,turtlebot,1
1548,94,turtlebot,1
1549,94,turtlebot,1
1550,94,turtlebot,1
1551,94,,0
1552,94,,0
1553,94,,0
1554,94,,0
1555,94,,0
1556,94,,0
1557,94,,0
1558,94,,0
1559,94,,0
1560,94,,0
1561,-1,,0
1562,-1,,0
1563,-1,,0
1564,-1,,0
1565,-1,,0
1566,-1,,0
1567,-1,,0
1568,-1,,0
1569,-1,,0
1570,-1,,0
1571,-1,,0
1572,-1,,0
1573,-1,,0
1574,-1,,0
1575,96,turtlebot,1
1576,96,turtlebot,1
1577,96,turtlebot,1
1578,96,turtlebot,1
1579,96,turtlebot,1
1580,96,turtlebot,1
1581,96,turtlebot,1
1582,96,turtlebot,1
1583,96,turtlebot,1
1584,96,turtlebot,1
1585,96,turtlebot,1
1586,96,turtlebot,1
1587,96,turtlebot,1
1588,96,turtlebot,1
1589,96,turtlebot,1
1590,96,turtlebot,1
1591,96,turtlebot,1
1592,96,turtlebot,1
1593,96,turtlebot,1
1594,96,,0
1595,96,,0
1596,96,,0
1597,96,,0
1598,96,,0
1599,96,,0
1600,96,,0
1601,96,,0
1602,96,,0
1603,96,,0
1604,-1,,0
1605,-1,,0
1606,-1,,0
1607,-1,,0
1608,-1,,0
1609,-1,,0
1610,-1,,0
1611,-1,,0
1612,-1,,0
1613,-1,,0
1614,-1,,0
1615,-1,,0
1616,-1,,0
1617,-1,,0
1618,-1,,0
1619,-1,,0
1620,-1,,0
1621,-1,,0
1622,-1,,0
1623,-1,,0
1624,-1,,0
1625,-1,,0
1626,-1,,0
1627,-1,,0
1628,-1,,0
1629,-1,,0
1630,-1,,0
1631,-1,,0
1632,-1,,0
1633,-1,,0
1634,-1,,0
1635,-1,,0
1636,-1,,0
1637,-1,,0
1638,-1,,0
1639,99,turtlebot,1
1640,99,turtlebot,1
1641,99,turtlebot,1
1642,99,turtlebot,1
1643,99,turtlebot,1
1644,99,turtlebot,1
1645,99,turtlebot,1
1646,99,turtlebot,1
1647,99,turtlebot,1
1648,99,turtlebot,1
1649,99,turtlebot,1
1650,99,turtlebot,1
1651,99,turtlebot,1
1652,99,turtlebot,1
1653,99,turtlebot,1
1654,99,turtlebot,1
1655,99,turtlebot,1
1656,99,turtlebot,1
1657,99,turtlebot,1
1658,99,turtlebot,1
1659,99,turtlebot,1
1660,99,turtlebot,1
1661,99,turtlebot,1
1662,99,turtlebot,1
1663,99,turtlebot,1
1664,99,turtlebot,1
1665,99,turtlebot,1
1666,99,turtlebot,1
1667,99,turtlebot,1
1668,99,turtlebot,1
1669,99,turtlebot,1
1670,99,turtlebot,1
1671,99,turtlebot,1
1672,99,turtlebot,1
1673,99,turtlebot,1
1674,99,turtlebot,1
1675,99,turtlebot,1
1676,99,turtlebot,1
1677,99,turtlebot,1
1678,99,turtlebot,1
1679,99,turtlebot,1
1680,99,turtlebot,1
1681,99,turtlebot,1
1682,99,turtlebot,1
1683,99,turtlebot,1
1684,99,turtlebot,1
1685,99,turtlebot,1
1686,99,turtlebot,1
1687,99,turtlebot,1
1688,99,turtlebot,1
1689,99,turtlebot,1
1690,99,turtlebot,1
1691,99,turtlebot,1
1692,99,turtlebot,1
1693,99,turtlebot,1
1694,99,turtlebot,1
1695,99,turtlebot,1
1696,99,turtlebot,1
1697,99,turtlebot,1
1698,99,turtlebot,1
1699,99,turtlebot,1
1700,99,turtlebot,1
1701,99,turtlebot,1
1702,99,turtlebot,1
1703,99,turtlebot,1
1704,99,turtlebot,1
1705,99,turtlebot,1
1706,99,turtlebot,1
1707,99,turtlebot,1
1708,99,turtlebot,1
1709,99,turtlebot,1
1710,99,turtlebot,1
1711,99,turtlebot,1
1712,99,turtlebot,1
1713,99,turtlebot,1
1714,99,turtlebot,1
1715,99,turtlebot,1
1716,99,turtlebot,1
1717,99,turtlebot,1
1718,99,turtlebot,1
1719,99,turtlebot,1
1720,99,turtlebot,1
1721,99,turtlebot,1
1722,99,turtlebot,1
1723,99,turtlebot,1
1724,99,turtlebot,1
1725,99,turtlebot,1
1726,99,turtlebot,1
1727,99,turtlebot,1
1728,99,turtlebot,1
1729,99,turtlebot,1
1730,99,turtlebot,1
1731,99,turtlebot,1
1732,99,turtlebot,1
1733,99,turtlebot,1
1734,99,turtlebot,1
1735,99,turtlebot,1
1736,99,turtlebot,1
1737,99,turtlebot,1
1738,99,turtlebot,1
1739,99,turtlebot,1
1740,99,turtlebot,1
1741,99,turtlebot,1
1742,99,turtlebot,1
1743,99,turtlebot,1
1744,99,turtlebot,1
1745,99,turtlebot,1
1746,99,turtlebot,1
1747,99,turtlebot,1
1748,99,turtlebot,1
1749,99,turtlebot,1
1750,99,turtlebot,1
1751,99,,0
1752,99,,0
1753,99,,0
1754,99,,0
1755,99,,0
1756,99,,0
1757,99,,0
1758,99,,0
1759,99,,0
1760,99,,0
1761,-1,,0
1762,-1,,0
1763,-1,,0
1764,-1,,0
1765,-1,,0
1766,-1,,0
1767,-1,,0
1768,-1,,0
1769,-1,,0
1770,-1,,0
1771,-1,,0
1772,-1,,0
1773,-1,,0
1774,-1,,0
1775,-1,,0
1776,-1,,0
1777,-1,,0
1778,-1,,0
1779,-1,,0
1780,-1,,0
1781,-1,,0
1782,-1,,0
1783,-1,,0
1784,-1,,0
1785,-1,,0
1786,-1,,0
1787,-1,,0
1788,-1,,0
1789,-1,,0
1790,-1,,0
1791,-1,,0
1792,-1,,0
1793,-1,,0
1794,-1,,0
1795,-1,,0
1796,-1,,0
1797,-1,,0
1798,-1,,0
1799,-1,,0
1800,-1,,0
1801,-1,,0
1802,-1,,0
1803,-1,,0
1804,-1,,0
1805,-1,,0
1806,-1,,0
1807,-1,,0
1808,-1,,0
1809,-1,,0
1810,-1,,0
1811,-1,,0
1812,-1,,0
1813,-1,,0
1814,-1,,0
1815,-1,,0
1816,-1,,0
1817,-1,,0
1818,-1,,0
1819,-1,,0
1820,-1,,0
1821,-1,,0
1822,-1,,0
1823,-1,,0
1824,-1,,0
1825,-1,,0
1826,-1,,0
1827,-1,,0
1828,-1,,0
1829,-1,,0
1830,-1,,0
1831,-1,,0
1832,-1,,0
1833,-1,,0
1834,-1,,0
1835,-1,,0
1836,-1,,0
1837,-1,,0
1838,103,turtlebot,1
1839,103,turtlebot,1
1840,103,turtlebot,1
1841,103,turtlebot,1
1842,103,turtlebot,1
1843,103,turtlebot,1
1844,103,turtlebot,1
1845,103,turtlebot,1
1846,103,turtlebot,1
1847,103,turtlebot,1
1848,103,turtlebot,1
1849,103,turtlebot,1
1850,103,turtlebot,1
1851,103,turtlebot,1
1852,103,turtlebot,1
1853,103,turtlebot,1
1854,103,turtlebot,1
1855,103,turtlebot,1
1856,103,turtlebot,1
1857,103,,0
1858,103,,0
1859,103,,0
1860,103,,0
1861,103,,0
1862,103,,0
1863,103,,0
1864,103,,0
1865,103,,0
1866,103,,0
1867,-1,,0
1868,-1,,0
1869,-1,,0
1870,-1,,0
1871,-1,,0
1872,-1,,0
1873,-1,,0
1874,-1,,0
1875,-1,,0
1876,-1,,0
1877,-1,,0
1878,-1,,0
1879,-1,,0
1880,-1,,0
1881,-1,,0
1882,-1,,0
1883,-1,,0
1884,-1,,0
1885,-1,,0
1886,-1,,0
1887,-1,,0
1888,-1,,0
1889,-1,,0
1890,-1,,0
1891,-1,,0
1892,-1,,0
1893,-1,,0
1894,-1,,0
1895,-1,,0
1896,-1,,0
1897,-1,,0
1898,-1,,0
1899,-1,,0
1900,-1,,0
1901,-1,,0
1902,-1,,0
1903,-1,,0
1904,-1,,0
1905,-1,,0
1906,-1,,0
1907,-1,,0
1908,-1,,0
1909,-1,,0
1910,-1,,0
1911,-1,,0
1912,-1,,0
1913,-1,,0
1914,104,turtlebot,1
1915,104,turtlebot,1
1916,104,turtlebot,1
1917,104,turtlebot,1
1918,104,turtlebot,1
1919,104,turtlebot,1
1920,104,turtlebot,1
1921,104,turtlebot,1
1922,104,turtlebot,1
1923,104,turtlebot,1
1924,104,turtlebot,1
1925,104,turtlebot,1
1926,104,turtlebot,1
1927,104,turtlebot,1
1928,104,turtlebot,1
1929,104,,0
1930,104,,0
1931,104,,0
1932,104,,0
1933,104,,0
1934,104,,0
1935,104,,0
1936,104,,0
1937,104,,0
1938,104,,0
1939,-1,,0
1940,-1,,0
1941,-1,,0
1942,-1,,0
1943,-1,,0
1944,-1,,0
1945,-1,,0
1946,-1,,0
1947,-1,,0
1948,-1,,0
1949,-1,,0
1950,-1,,0
1951,-1,,0
1952,-1,,0
1953,-1,,0
1954,-1,,0
1955,-1,,0
1956,-1,,0
1957,-1,,0
1958,-1,,0
1959,-1,,0
1960,-1,,0
1961,-1,,0
1962,-1,,0
1963,-1,,0
1964,-1,,0
1965,-1,,0
1966,-1,,0
1967,-1,,0
1968,-1,,0
1969,-1,,0
1970,-1,,0
1971,-1,,0
1972,-1,,0
1973,-1,,0
1974,-1,,0
1975,-1,,0
1976,-1,,0
1977,-1,,0
1978,-1,,0
1979,-1,,0
1980,-1,,0
1981,-1,,0
1982,-1,,0
1983,-1,,0
1984,-1,,0
1985,-1,,0
1986,-1,,0
1987,-1,,0
1988,-1,,0
1989,-1,,0
1990,-1,,0
1991,-1,,0
1992,-1,,0
1993,-1,,0
1994,-1,,0
1995,-1,,0
1996,-1,,0
1997,-1,,0
1998,-1,,0
1999,-1,,0
2000,-1,,0
2001,-1,,0
2002,-1,,0
2003,-1,,0
2004,-1,,0
2005,-1,,0
2006,-1,,0
2007,-1,,0
2008,-1,,0
2009,-1,,0
2010,-1,,0
2011,-1,,0
2012,-1,,0
2013,-1,,0
2014,-1,,0
2015,-1,,0
2016,-1,,0
2017,-1,,0
2018,-1,,0
2019,-1,,0
2020,-1,,0
2021,-1,,0
2022,-1,,0
2023,-1,,0
2024,-1,,0
2025,-1,,0
2026,-1,,0
2027,-1,,0
2028,-1,,0
2029,-1,,0
2030,-1,,0
2031,-1,,0
2032,-1,,0
2033,-1,,0
2034,-1,,0
2035,-1,,0
2036,-1,,0
2037,-1,,0
2038,-1,,0
2039,-1,,0
2040,-1,,0
2041,-1,,0
2042,-1,,0
2043,-1,,0
2044,-1,,0
2045,-1,,0
2046,-1,,0
2047,-1,,0
2048,-1,,0
2049,-1,,0
2050,-1,,0
2051,-1,,0
2052,-1,,0
2053,-1,,0
2054,-1,,0
2055,-1,,0
2056,-1,,0
2057,-1,,0
2058,-1,,0
2059,-1,,0
2060,-1,,0
2061,-1,,0
2062,-1,,0
2063,-1,,0
2064,-1,,0
2065,-1,,0
2066,-1,,0
2067,-1,,0
2068,-1,,0
2069,-1,,0
2070,-1,,0
2071,-1,,0
2072,-1,,0
2073,-1,,0
2074,-1,,0
2075,-1,,0
2076,-1,,0
2077,-1,,0
2078,-1,,0
2079,-1,,0
2080,-1,,0
2081,-1,,0
2082,-1,,0
2083,-1,,0
2084,-1,,0
2085,-1,,0
2086,-1,,0
2087,-1,,0
2088,-1,,0
2089,-1,,0
2090,-1,,0
2091,-1,,0
2092,-1,,0
2093,-1,,0
2094,-1,,0
2095,-1,,0
2096,-1,,0
2097,-1,,0
2098,-1,,0
2099,-1,,0
2100,-1,,0
2101,-1,,0
2102,-1,,0
2103,-1,,0
2104,-1,,0
2105,-1,,0
2106,-1,,0
2107,-1,,0
2108,-1,,0
2109,-1,,0
2110,-1,,0
2111,-1,,0
2112,-1,,0
2113,-1,,0
2114,-1,,0
2115,-1,,0
2116,-1,,0
2117,-1,,0
2118,-1,,0
2119,-1,,0
2120,-1,,0
2121,-1,,0
2122,-1,,0
2123,-1,,0
2124,-1,,0
2125,-1,,0
2126,-1,,0
2127,-1,,0
2128,-1,,0
2129,-1,,0
2130,-1,,0
2131,-1,,0
2132,-1,,0
2133,-1,,0
2134,-1,,0
2135,-1,,0
2136,-1,,0
2137,-1,,0
2138,-1,,0
2139,-1,,0
2140,-1,,0
2141,-1,,0
2142,-1,,0
2143,-1,,0
2144,-1,,0
2145,-1,,0
2146,-1,,0
2147,-1,,0
2148,-1,,0
2149,-1,,0
2150,-1,,0
2151,-1,,0
2152,-1,,0
2153,-1,,0
2154,-1,,0
2155,106,turtlebot,1
2156,106,turtlebot,1
2157,106,turtlebot,1
2158,106,turtlebot,1
2159,106,turtlebot,1
2160,106,turtlebot,1
2161,106,turtlebot,1
2162,106,turtlebot,1
2163,106,turtlebot,1
2164,106,turtlebot,1
2165,106,turtlebot,1
2166,106,,0
2167,106,,0
2168,106,,0
2169,106,,0
2170,106,,0
2171,106,,0
2172,106,,0
2173,106,,0
2174,106,,0
2175,106,,0
2176,-1,,0
2177,-1,,0
2178,-1,,0
2179,-1,,0
2180,-1,,0
2181,-1,,0
2182,-1,,0
2183,-1,,0
2184,-1,,0
2185,-1,,0
2186,-1,,0
2187,-1,,0
2188,-1,,0
2189,-1,,0
2190,-1,,0
2191,-1,,0
2192,-1,,0
2193,-1,,0
2194,-1,,0
2195,-1,,0
2196,-1,,0
2197,-1,,0
2198,-1,,0
2199,-1,,0
2200,-1,,0
2201,-1,,0
2202,-1,,0
2203,-1,,0
2204,-1,,0
2205,-1,,0
2206,-1,,0
2207,-1,,0
2208,-1,,0
2209,-1,,0
2210,-1,,0
2211,-1,,0
2212,-1,,0
2213,-1,,0
2214,-1,,0
2215,-1,,0
2216,-1,,0
2217,-1,,0
2218,-1,,0
2219,-1,,0
2220,-1,,0
2221,-1,,0
2222,-1,,0
2223,-1,,0
2224,-1,,0
2225,-1,,0
2226,-1,,0
2227,-1,,0
2228,-1,,0
2229,-1,,0
2230,-1,,0
2231,-1,,0
2232,-1,,0
2233,-1,,0
2234,-1,,0
2235,-1,,0
2236,-1,,0
2237,-1,,0
2238,-1,,0
2239,-1,,0
2240,-1,,0
2241,-1,,0
2242,-1,,0
2243,-1,,0
2244,-1,,0
2245,-1,,0
2246,-1,,0
2247,-1,,0
2248,-1,,0
2249,-1,,0
2250,-1,,0
2251,-1,,0
2252,-1,,0
2253,-1,,0
2254,-1,,0
2255,-1,,0
2256,-1,,0
2257,-1,,0
2258,-1,,0
2259,-1,,0
2260,-1,,0
2261,-1,,0
2262,-1,,0
2263,-1,,0
2264,-1,,0
2265,-1,,0
2266,-1,,0
2267,-1,,0
2268,-1,,0
2269,-1,,0
2270,-1,,0
2271,-1,,0
2272,-1,,0
2273,-1,,0
2274,-1,,0
2275,-1,,0
2276,-1,,0
2277,-1,,0
2278,-1,,0
2279,-1,,0
2280,118,turtlebot,1
2281,118,turtlebot,1
2282,118,turtlebot,1
2283,118,turtlebot,1
2284,118,turtlebot,1
2285,118,turtlebot,1
2286,118,turtlebot,1
2287,118,turtlebot,1
2288,118,turtlebot,1
2289,118,turtlebot,1
2290,118,turtlebot,1
2291,118,turtlebot,1
2292,118,turtlebot,1
2293,118,turtlebot,1
2294,118,turtlebot,1
2295,118,turtlebot,1
2296,118,turtlebot,1
2297,118,turtlebot,1
2298,118,turtlebot,1
2299,118,turtlebot,1
2300,118,turtlebot,1
2301,118,turtlebot,1
2302,118,turtlebot,1
2303,118,turtlebot,1
2304,118,turtlebot,1
2305,118,turtlebot,1
2306,118,turtlebot,1
2307,118,turtlebot,1
2308,118,turtlebot,1
2309,118,turtlebot,1
2310,118,turtlebot,1
2311,118,turtlebot,1
2312,118,turtlebot,1
2313,118,turtlebot,1
2314,118,turtlebot,1
2315,118,turtlebot,1
2316,118,turtlebot,1
2317,118,turtlebot,1
2318,118,turtlebot,1
2319,118,turtlebot,1
2320,118,turtlebot,1
2321,118,turtlebot,1
2322,118,turtlebot,1
2323,118,turtlebot,1
2324,118,turtlebot,1
2325,118,turtlebot,1
2326,118,turtlebot,1
2327,118,turtlebot,1
2328,118,turtlebot,1
2329,118,turtlebot,1
2330,118,turtlebot,1
2331,118,turtlebot,1
2332,118,turtlebot,1
2333,118,turtlebot,1
2334,118,turtlebot,1
2335,118,turtlebot,1
2336,118,turtlebot,1
2337,118,turtlebot,1
2338,118,turtlebot,1
2339,118,turtlebot,1
2340,118,turtlebot,1
2341,118,turtlebot,1
2342,118,turtlebot,1
2343,118,turtlebot,1
2344,118,turtlebot,1
2345,118,turtlebot,1
2346,118,turtlebot,1
2347,118,turtlebot,1
2348,118,turtlebot,1
2349,118,turtlebot,1
2350,118,,0
2351,118,,0
2352,118,,0
2353,118,,0
2354,118,,0
2355,118,,0
2356,118,,0
2357,118,,0
2358,118,,0
2359,118,,0
2360,-1,,0
2361,-1,,0
2362,-1,,0
2363,-1,,0
2364,-1,,0
2365,-1,,0
2366,-1,,0
2367,-1,,0
2368,-1,,0
2369,-1,,0
2370,-1,,0
2371,-1,,0
2372,-1,,0
2373,-1,,0
2374,-1,,0
2375,-1,,0
2376,-1,,0
2377,-1,,0
2378,128,turtlebot,1
2379,128,turtlebot,1
2380,128,turtlebot,1
2381,128,turtlebot,1
2382,128,turtlebot,1
2383,128,turtlebot,1
2384,128,turtlebot,1
2385,128,turtlebot,1
2386,128,turtlebot,1
2387,128,turtlebot,1
2388,128,turtlebot,1
2389,128,turtlebot,1
2390,128,turtlebot,1
2391,128,turtlebot,1
2392,128,turtlebot,1
2393,128,turtlebot,1
2394,128,turtlebot,1
2395,128,turtlebot,1
2396,128,turtlebot,1
2397,128,turtlebot,1
2398,128,turtlebot,1
2399,128,turtlebot,1
2400,128,turtlebot,1
2401,128,turtlebot,1
2402,128,turtlebot,1
2403,128,turtlebot,1
2404,128,turtlebot,1
2405,128,turtlebot,1
2406,128,turtlebot,1
2407,128,turtlebot,1
2408,128,turtlebot,1
2409,128,turtlebot,1
2410,128,turtlebot,1
2411,128,turtlebot,1
2412,128,turtlebot,1
2413,128,turtlebot,1
2414,128,turtlebot,1
2415,128,turtlebot,1
2416,128,turtlebot,1
2417,128,turtlebot,1
2418,128,turtlebot,1
2419,128,turtlebot,1
2420,128,turtlebot,1
2421,128,turtlebot,1
2422,128,turtlebot,1
2423,128,turtlebot,1
2424,128,turtlebot,1
2425,128,turtlebot,1
2426,128,turtlebot,1
2427,128,turtlebot,1
2428,128,turtlebot,1
2429,128,turtlebot,1
2430,128,turtlebot,1
2431,128,turtlebot,1
2432,128,turtlebot,1
2433,128,turtlebot,1
2434,128,turtlebot,1
2435,128,turtlebot,1
2436,128,turtlebot,1
2437,128,turtlebot,1
2438,128,turtlebot,1
2439,128,turtlebot,1
2440,128,turtlebot,1
2441,128,turtlebot,1
2442,128,turtlebot,1
2443,128,turtlebot,1
2444,128,turtlebot,1
2445,128,turtlebot,1
2446,128,turtlebot,1
2447,128,turtlebot,1
2448,128,turtlebot,1
2449,128,turtlebot,1
2450,128,turtlebot,1
2451,128,turtlebot,1
2452,128,turtlebot,1
2453,128,turtlebot,1
2454,128,turtlebot,1
2455,128,turtlebot,1
2456,128,turtlebot,1
2457,128,turtlebot,1
2458,128,turtlebot,1
2459,128,turtlebot,1
2460,128,turtlebot,1
2461,128,turtlebot,1
2462,128,turtlebot,1
2463,128,turtlebot,1
2464,128,turtlebot,1
2465,128,turtlebot,1
2466,128,turtlebot,1
2467,128,turtlebot,1
2468,128,turtlebot,1
2469,128,turtlebot,1
2470,128,turtlebot,1
2471,128,turtlebot,1
2472,128,turtlebot,1
2473,128,turtlebot,1
2474,128,turtlebot,1
2475,128,turtlebot,1
2476,128,turtlebot,1
2477,128,turtlebot,1
2478,128,turtlebot,1
2479,128,turtlebot,1
2480,128,turtlebot,1
2481,128,turtlebot,1
2482,128,turtlebot,1
2483,128,turtlebot,1
2484,128,turtlebot,1
2485,128,turtlebot,1
2486,128,turtlebot,1
2487,128,turtlebot,1
2488,128,turtlebot,1
2489,128,turtlebot,1
2490,128,turtlebot,1
2491,128,turtlebot,1
2492,128,turtlebot,1
2493,128,turtlebot,1
2494,128,turtlebot,1
2495,128,turtlebot,1
2496,128,turtlebot,1
2497,128,turtlebot,1
2498,128,turtlebot,1
2499,128,turtlebot,1
2500,128,turtlebot,1
2501,128,turtlebot,1
2502,128,turtlebot,1
2503,128,turtlebot,1
2504,128,turtlebot,1
2505,128,turtlebot,1
2506,128,turtlebot,1
2507,128,turtlebot,1
2508,128,turtlebot,1
2509,128,turtlebot,1
2510,128,turtlebot,1
2511,128,turtlebot,1
2512,128,turtlebot,1
2513,128,turtlebot,1
2514,128,turtlebot,1
2515,128,turtlebot,1
2516,128,turtlebot,1
2517,128,turtlebot,1
2518,128,turtlebot,1
2519,128,,0
2520,128,,0
2521,128,,0
2522,128,,0
2523,128,,0
2524,128,,0
2525,128,,0
2526,128,,0
2527,128,,0
2528,128,,0
2529,133,turtlebot,1
2530,133,turtlebot,1
2531,133,turtlebot,1
2532,133,turtlebot,1
2533,133,turtlebot,1
2534,133,turtlebot,1
2535,133,turtlebot,1
2536,133,turtlebot,1
2537,133,turtlebot,1
2538,133,turtlebot,1
2539,133,turtlebot,1
2540,133,turtlebot,1
2541,133,,0
2542,133,,0
2543,133,,0
2544,133,,0
2545,133,,0
2546,133,,0
2547,133,,0
2548,133,,0
2549,133,,0
2550,133,,0
2551,-1,,0
2552,-1,,0
2553,-1,,0
2554,-1,,0
2555,-1,,0
2556,-1,,0
2557,-1,,0
2558,-1,,0
2559,135,turtlebot,1
2560,135,turtlebot,1
2561,135,turtlebot,1
2562,135,turtlebot,1
2563,135,turtlebot,1
2564,135,turtlebot,1
2565,135,turtlebot,1
2566,135,turtlebot,1
2567,135,turtlebot,1
2568,135,turtlebot,1
2569,135,turtlebot,1
2570,135,turtlebot,1
2571,135,turtlebot,1
2572,135,turtlebot,1
2573,135,turtlebot,1
2574,135,turtlebot,1
2575,135,turtlebot,1
2576,135,turtlebot,1
2577,135,turtlebot,1
2578,135,turtlebot,1
2579,135,turtlebot,1
2580,135,turtlebot,1
2581,135,turtlebot,1
2582,135,turtlebot,1
2583,135,turtlebot,1
2584,135,turtlebot,1
2585,135,turtlebot,1
2586,135,turtlebot,1
2587,135,turtlebot,1
2588,135,turtlebot,1
2589,135,turtlebot,1
2590,135,turtlebot,1
2591,135,turtlebot,1
2592,135,turtlebot,1
2593,135,turtlebot,1
2594,135,turtlebot,1
2595,135,turtlebot,1
2596,135,turtlebot,1
2597,135,turtlebot,1
2598,135,turtlebot,1
2599,135,turtlebot,1
2600,135,turtlebot,1
2601,135,turtlebot,1
2602,135,turtlebot,1
2603,135,turtlebot,1
2604,135,turtlebot,1
2605,135,turtlebot,1
2606,135,turtlebot,1
2607,135,turtlebot,1
2608,135,turtlebot,1
2609,135,turtlebot,1
2610,135,turtlebot,1
2611,135,turtlebot,1
2612,135,turtlebot,1
2613,135,turtlebot,1
2614,135,turtlebot,1
2615,135,turtlebot,1
2616,135,turtlebot,1
2617,135,turtlebot,1
2618,135,turtlebot,1
2619,135,turtlebot,1
2620,135,turtlebot,1
2621,135,turtlebot,1
2622,135,turtlebot,1
2623,135,turtlebot,1
2624,135,turtlebot,1
2625,135,turtlebot,1
2626,135,turtlebot,1
2627,135,turtlebot,1
2628,135,turtlebot,1
2629,135,turtlebot,1
2630,135,turtlebot,1
2631,135,turtlebot,1
2632,135,turtlebot,1
2633,135,turtlebot,1
2634,135,turtlebot,1
2635,135,turtlebot,1
2636,135,turtlebot,1
2637,135,turtlebot,1
2638,135,turtlebot,1
2639,135,turtlebot,1
2640,135,turtlebot,1
2641,135,turtlebot,1
2642,135,turtlebot,1
2643,135,turtlebot,1
2644,135,turtlebot,1
2645,135,turtlebot,1
2646,135,turtlebot,1
2647,135,turtlebot,1
2648,135,turtlebot,1
2649,135,turtlebot,1
2650,135,turtlebot,1
2651,135,turtlebot,1
2652,135,turtlebot,1
2653,135,turtlebot,1
2654,135,turtlebot,1
2655,135,turtlebot,1
2656,135,turtlebot,1
2657,135,turtlebot,1
2658,135,turtlebot,1
2659,135,turtlebot,1
2660,135,turtlebot,1
2661,135,turtlebot,1
2662,135,turtlebot,1
2663,135,turtlebot,1
2664,135,turtlebot,1
2665,135,turtlebot,1
2666,135,turtlebot,1
2667,135,turtlebot,1
2668,135,turtlebot,1
2669,135,turtlebot,1
2670,135,turtlebot,1
2671,135,turtlebot,1
2672,135,turtlebot,1
2673,135,turtlebot,1
2674,135,turtlebot,1
2675,135,turtlebot,1
2676,135,turtlebot,1
2677,135,turtlebot,1
2678,135,turtlebot,1
2679,135,turtlebot,1
2680,135,turtlebot,1
2681,135,turtlebot,1
2682,135,turtlebot,1
2683,135,turtlebot,1
2684,135,turtlebot,1
2685,135,turtlebot,1
2686,135,turtlebot,1
2687,135,turtlebot,1
2688,135,turtlebot,1
2689,135,turtlebot,1
2690,135,turtlebot,1
2691,135,turtlebot,1
2692,135,turtlebot,1
2693,135,turtlebot,1
2694,135,turtlebot,1
2695,135,turtlebot,1
2696,135,turtlebot,1
2697,135,turtlebot,1
2698,135,turtlebot,1
2699,135,turtlebot,1
2700,135,turtlebot,1
2701,135,turtlebot,1
2702,135,turtlebot,1
2703,135,turtlebot,1
2704,135,turtlebot,1
2705,135,turtlebot,1
2706,135,turtlebot,1
2707,135,turtlebot,1
2708,135,turtlebot,1
2709,135,turtlebot,1
2710,135,turtlebot,1
2711,135,turtlebot,1
2712,135,turtlebot,1
2713,135,turtlebot,1
2714,135,turtlebot,1
2715,135,turtlebot,1
2716,135,turtlebot,1
2717,135,turtlebot,1
2718,135,turtlebot,1
2719,135,turtlebot,1
2720,135,turtlebot,1
2721,135,turtlebot,1
2722,135,turtlebot,1
2723,135,turtlebot,1
2724,135,turtlebot,1
2725,135,turtlebot,1
2726,135,turtlebot,1
2727,135,turtlebot,1
2728,135,turtlebot,1
2729,135,turtlebot,1
2730,135,turtlebot,1
2731,135,turtlebot,1
2732,135,turtlebot,1
2733,135,turtlebot,1
2734,135,turtlebot,1
2735,135,turtlebot,1
2736,135,turtlebot,1
2737,135,turtlebot,1
2738,135,turtlebot,1
2739,135,turtlebot,1
2740,135,turtlebot,1
2741,135,turtlebot,1
2742,135,turtlebot,1
2743,135,turtlebot,1
2744,135,turtlebot,1
2745,135,turtlebot,1
2746,135,turtlebot,1
2747,135,turtlebot,1
2748,135,turtlebot,1
2749,135,turtlebot,1
2750,135,turtlebot,1
2751,135,turtlebot,1
2752,135,turtlebot,1
2753,135,turtlebot,1
2754,135,turtlebot,1
2755,135,turtlebot,1
2756,135,turtlebot,1
2757,135,turtlebot,1
2758,135,turtlebot,1
2759,135,turtlebot,1
2760,135,turtlebot,1
2761,135,turtlebot,1
2762,135,turtlebot,1
2763,135,turtlebot,1
2764,135,turtlebot,1
2765,135,turtlebot,1
2766,135,turtlebot,1
2767,135,turtlebot,1
2768,135,turtlebot,1
2769,135,turtlebot,1
2770,135,turtlebot,1
2771,135,turtlebot,1
2772,135,turtlebot,1
2773,135,turtlebot,1
2774,135,turtlebot,1
2775,135,turtlebot,1
2776,135,turtlebot,1
2777,135,turtlebot,1
2778,135,turtlebot,1
2779,135,turtlebot,1
2780,135,turtlebot,1
2781,135,turtlebot,1
2782,135,turtlebot,1
2783,135,turtlebot,1
2784,135,turtlebot,1
2785,135,turtlebot,1
2786,135,turtlebot,1
2787,135,turtlebot,1
2788,135,turtlebot,1
2789,135,turtlebot,1
2790,135,turtlebot,1
2791,135,turtlebot,1
2792,135,turtlebot,1
2793,135,turtlebot,1
2794,135,turtlebot,1
2795,135,turtlebot,1
2796,135,turtlebot,1
2797,135,turtlebot,1
2798,135,turtlebot,1
2799,135,turtlebot,1
2800,135,turtlebot,1
2801,135,turtlebot,1
2802,135,turtlebot,1
2803,135,turtlebot,1
2804,135,turtlebot,1
2805,135,turtlebot,1
2806,135,turtlebot,1
2807,135,turtlebot,1
2808,135,turtlebot,1
2809,135,turtlebot,1
2810,135,turtlebot,1
2811,135,turtlebot,1
2812,135,turtlebot,1
2813,135,turtlebot,1
2814,135,turtlebot,1
2815,135,turtlebot,1
2816,135,turtlebot,1
2817,135,turtlebot,1
2818,135,turtlebot,1
2819,135,turtlebot,1
2820,135,turtlebot,1
2821,135,turtlebot,1
2822,135,turtlebot,1
2823,135,turtlebot,1
2824,135,turtlebot,1
2825,135,turtlebot,1
2826,135,,0
2827,135,,0
2828,135,,0
2829,135,,0
2830,135,,0
2831,135,,0
2832,135,,0
2833,135,,0
2834,135,,0
2835,135,,0
2836,-1,,0
2837,-1,,0
2838,-1,,0
2839,-1,,0
2840,-1,,0
2841,-1,,0
2842,-1,,0
2843,-1,,0
2844,-1,,0
2845,-1,,0
2846,-1,,0
2847,-1,,0
2848,-1,,0
2849,-1,,0
2850,-1,,0
2851,-1,,0
2852,-1,,0
2853,-1,,0
2854,-1,,0
2855,-1,,0
2856,-1,,0
2857,-1,,0
2858,-1,,0
2859,-1,,0
2860,-1,,0
2861,-1,,0
2862,-1,,0
2863,-1,,0
2864,139,turtlebot,1
2865,139,turtlebot,1
2866,139,turtlebot,1
2867,139,turtlebot,1
2868,139,turtlebot,1
2869,139,turtlebot,1
2870,139,turtlebot,1
2871,139,turtlebot,1
2872,139,turtlebot,1
2873,139,turtlebot,1
2874,139,turtlebot,1
2875,139,turtlebot,1
2876,139,turtlebot,1
2877,139,turtlebot,1
2878,139,,0
2879,139,,0
2880,139,,0
2881,139,,0
2882,139,,0
2883,139,,0
2884,139,,0
2885,139,,0
2886,139,,0
2887,139,,0
2888,-1,,0
2889,-1,,0
2890,-1,,0
2891,-1,,0
2892,-1,,0
2893,-1,,0
2894,-1,,0
2895,-1,,0
2896,-1,,0
2897,-1,,0
2898,-1,,0
2899,-1,,0
2900,-1,,0
2901,-1,,0
2902,-1,,0
2903,-1,,0
2904,-1,,0
2905,-1,,0
2906,-1,,0
2907,-1,,0
2908,-1,,0
2909,-1,,0
2910,-1,,0
2911,-1,,0
2912,-1,,0
2913,-1,,0
2914,-1,,0
2915,-1,,0
2916,-1,,0
2917,-1,,0
2918,-1,,0
2919,-1,,0
2920,-1,,0
2921,-1,,0
2922,-1,,0
2923,-1,,0
2924,-1,,0
2925,-1,,0
2926,-1,,0
2927,-1,,0
2928,-1,,0
2929,-1,,0
2930,-1,,0
2931,-1,,0
2932,-1,,0
2933,-1,,0
2934,-1,,0
2935,-1,,0
2936,-1,,0
2937,-1,,0
2938,-1,,0
2939,-1,,0
2940,-1,,0
2941,-1,,0
2942,-1,,0
2943,-1,,0
2944,-1,,0
2945,-1,,0
2946,-1,,0
2947,-1,,0
2948,-1,,0
2949,-1,,0
2950,-1,,0
2951,-1,,0
2952,-1,,0
2953,-1,,0
2954,-1,,0
2955,-1,,0
2956,-1,,0
2957,-1,,0
2958,-1,,0
2959,-1,,0
2960,-1,,0
2961,-1,,0
2962,-1,,0
2963,-1,,0
2964,-1,,0
2965,-1,,0
2966,-1,,0
2967,-1,,0
2968,-1,,0
2969,-1,,0
2970,-1,,0
2971,-1,,0
2972,-1,,0
2973,-1,,0
2974,-1,,0
2975,-1,,0
2976,-1,,0
2977,-1,,0
2978,-1,,0
2979,-1,,0
2980,-1,,0
2981,-1,,0
2982,-1,,0
2983,-1,,0
2984,-1,,0
2985,-1,,0
2986,-1,,0
2987,-1,,0
2988,-1,,0
2989,-1,,0
2990,144,turtlebot,1
2991,144,turtlebot,1
2992,144,turtlebot,1
2993,144,turtlebot,1
2994,144,turtlebot,1
2995,144,turtlebot,1
2996,144,turtlebot,1
2997,144,turtlebot,1
2998,144,turtlebot,1
2999,144,turtlebot,1
3000,144,turtlebot,1
3001,144,turtlebot,1
3002,144,turtlebot,1
3003,144,turtlebot,1
3004,144,,0
3005,144,,0
3006,144,,0
3007,144,,0
3008,144,,0
3009,144,,0
3010,144,,0
3011,144,,0
3012,144,,0
3013,144,,0
3014,-1,,0
3015,-1,,0
3016,-1,,0
3017,-1,,0
3018,-1,,0
3019,-1,,0
3020,-1,,0
3021,-1,,0
3022,-1,,0
3023,-1,,0
3024,-1,,0
3025,-1,,0
3026,-1,,0
3027,-1,,0
3028,148,turtlebot,1
3029,148,turtlebot,1
3030,148,turtlebot,1
3031,148,turtlebot,1
3032,148,turtlebot,1
3033,148,turtlebot,1
3034,148,turtlebot,1
3035,148,turtlebot,1
3036,148,turtlebot,1
3037,148,turtlebot,1
3038,148,turtlebot,1
3039,148,turtlebot,1
3040,148,turtlebot,1
3041,148,turtlebot,1
3042,148,turtlebot,1
3043,148,turtlebot,1
3044,148,turtlebot,1
3045,148,,0
3046,148,,0
3047,148,,0
3048,148,,0
3049,148,,0
3050,148,,0
3051,148,,0
3052,148,,0
3053,148,,0
3054,148,,0
3055,149,turtlebot,1
3056,149,turtlebot,1
3057,149,turtlebot,1
3058,149,turtlebot,1
3059,149,turtlebot,1
3060,149,turtlebot,1
3061,149,turtlebot,1
3062,149,turtlebot,1
3063,149,turtlebot,1
3064,149,turtlebot,1
3065,149,turtlebot,1
3066,149,turtlebot,1
3067,149,turtlebot,1
3068,149,turtlebot,1
3069,149,turtlebot,1
3070,149,turtlebot,1
3071,149,turtlebot,1
3072,149,turtlebot,1
3073,149,turtlebot,1
3074,149,turtlebot,1
3075,149,turtlebot,1
3076,149,turtlebot,1
3077,149,turtlebot,1
3078,149,turtlebot,1
3079,149,turtlebot,1
3080,149,turtlebot,1
3081,149,turtlebot,1
3082,149,turtlebot,1
3083,149,turtlebot,1
3084,149,turtlebot,1
3085,149,turtlebot,1
3086,149,turtlebot,1
3087,149,turtlebot,1
3088,149,turtlebot,1
3089,149,turtlebot,1
3090,149,turtlebot,1
3091,149,turtlebot,1
3092,149,turtlebot,1
3093,149,turtlebot,1
3094,149,turtlebot,1
3095,149,,0
3096,149,,0
3097,149,,0
3098,149,,0
3099,149,,0
3100,149,,0
3101,149,,0
3102,149,,0
3103,149,,0
3104,149,,0
3105,-1,,0
3106,-1,,0
3107,-1,,0
3108,-1,,0
3109,-1,,0
3110,-1,,0
3111,-1,,0
3112,-1,,0
3113,-1,,0
3114,-1,,0
3115,-1,,0
3116,-1,,0
3117,-1,,0
3118,-1,,0
3119,-1,,0
3120,-1,,0
3121,-1,,0
3122,-1,,0
3123,-1,,0
3124,-1,,0
3125,-1,,0
3126,-1,,0
3127,-1,,0
3128,-1,,0
3129,-1,,0
3130,-1,,0
3131,-1,,0
3132,-1,,0
3133,-1,,0
3134,-1,,0
3135,-1,,0
3136,-1,,0
3137,-1,,0
3138,-1,,0
3139,-1,,0
3140,-1,,0
3141,-1,,0
3142,-1,,0
3143,-1,,0
3144,-1,,0
3145,-1,,0
3146,-1,,0
3147,159,turtlebot,1
3148,159,turtlebot,1
3149,159,turtlebot,1
3150,159,turtlebot,1
3151,159,turtlebot,1
3152,159,turtlebot,1
3153,159,turtlebot,1
3154,159,turtlebot,1
3155,159,turtlebot,1
3156,159,turtlebot,1
3157,159,turtlebot,1
3158,159,turtlebot,1
3159,159,turtlebot,1
3160,159,turtlebot,1
3161,159,turtlebot,1
3162,159,turtlebot,1
3163,159,turtlebot,1
3164,159,turtlebot,1
3165,159,turtlebot,1
3166,159,turtlebot,1
3167,159,turtlebot,1
3168,159,turtlebot,1
3169,159,turtlebot,1
3170,159,turtlebot,1
3171,159,turtlebot,1
3172,159,,0
3173,159,,0
3174,159,,0
3175,159,,0
3176,159,,0
3177,159,,0
3178,159,,0
3179,159,,0
3180,159,,0
3181,159,,0
3182,161,turtlebot,1
3183,161,turtlebot,1
3184,161,turtlebot,1
3185,161,turtlebot,1
3186,161,turtlebot,1
3187,161,turtlebot,1
3188,161,turtlebot,1
3189,161,turtlebot,1
3190,161,turtlebot,1
3191,161,turtlebot,1
3192,161,turtlebot,1
3193,161,turtlebot,1
3194,161,turtlebot,1
3195,161,turtlebot,1
3196,161,turtlebot,1
3197,161,turtlebot,1
3198,161,turtlebot,1
3199,161,turtlebot,1
3200,161,turtlebot,1
3201,161,turtlebot,1
3202,161,turtlebot,1
3203,161,turtlebot,1
3204,161,turtlebot,1
3205,161,turtlebot,1
3206,161,turtlebot,1
3207,161,turtlebot,1
3208,161,turtlebot,1
3209,161,turtlebot,1
3210,161,turtlebot,1
3211,161,turtlebot,1
3212,161,turtlebot,1
3213,161,turtlebot,1
3214,161,turtlebot,1
3215,161,turtlebot,1
3216,161,turtlebot,1
3217,161,turtlebot,1
3218,161,turtlebot,1
3219,161,turtlebot,1
3220,161,turtlebot,1
3221,161,turtlebot,1
3222,161,turtlebot,1
3223,161,turtlebot,1
3224,161,turtlebot,1
3225,161,turtlebot,1
3226,161,turtlebot,1
3227,161,turtlebot,1
3228,161,turtlebot,1
3229,161,turtlebot,1
3230,161,turtlebot,1
3231,161,turtlebot,1
3232,161,turtlebot,1
3233,161,turtlebot,1
3234,161,turtlebot,1
3235,161,turtlebot,1
3236,161,turtlebot,1
3237,161,turtlebot,1
3238,161,turtlebot,1
3239,161,turtlebot,1
3240,161,turtlebot,1
3241,161,turtlebot,1
3242,161,turtlebot,1
3243,161,turtlebot,1
3244,161,turtlebot,1
3245,161,turtlebot,1
3246,161,turtlebot,1
3247,161,turtlebot,1
3248,161,turtlebot,1
3249,161,turtlebot,1
3250,161,turtlebot,1
3251,161,turtlebot,1
3252,161,turtlebot,1
3253,161,turtlebot,1
3254,161,turtlebot,1
3255,161,turtlebot,1
3256,161,turtlebot,1
3257,161,turtlebot,1
3258,161,turtlebot,1
3259,161,turtlebot,1
3260,161,turtlebot,1
3261,161,,0
3262,161,,0
3263,161,,0
3264,161,,0
3265,161,,0
3266,161,,0
3267,161,,0
3268,161,,0
3269,161,,0
3270,161,,0
3271,163,turtlebot,1
3272,163,turtlebot,1
3273,163,turtlebot,1
3274,163,turtlebot,1
3275,163,turtlebot,1
3276,163,turtlebot,1
3277,163,turtlebot,1
3278,163,turtlebot,1
3279,163,turtlebot,1
3280,163,turtlebot,1
3281,163,turtlebot,1
3282,163,turtlebot,1
3283,163,turtlebot,1
3284,163,turtlebot,1
3285,163,turtlebot,1
3286,163,turtlebot,1
3287,163,turtlebot,1
3288,163,turtlebot,1
3289,163,turtlebot,1
3290,163,turtlebot,1
3291,163,turtlebot,1
3292,163,turtlebot,1
3293,163,turtlebot,1
3294,163,turtlebot,1
3295,163,turtlebot,1
3296,163,turtlebot,1
3297,163,turtlebot,1
3298,163,turtlebot,1
3299,163,turtlebot,1
3300,163,turtlebot,1
3301,163,turtlebot,1
3302,163,turtlebot,1
3303,163,turtlebot,1
3304,163,turtlebot,1
3305,163,turtlebot,1
3306,163,turtlebot,1
3307,163,turtlebot,1
3308,163,turtlebot,1
3309,163,turtlebot,1
3310,163,turtlebot,1
3311,163,turtlebot,1
3312,163,turtlebot,1
3313,163,turtlebot,1
3314,163,turtlebot,1
3315,163,turtlebot,1
3316,163,turtlebot,1
3317,163,turtlebot,1
3318,163,turtlebot,1
3319,163,turtlebot,1
3320,163,turtlebot,1
3321,163,turtlebot,1
3322,163,turtlebot,1
3323,163,turtlebot,1
3324,163,turtlebot,1
3325,163,turtlebot,1
3326,163,turtlebot,1
3327,163,turtlebot,1
3328,163,turtlebot,1
3329,163,turtlebot,1
3330,163,turtlebot,1
3331,163,turtlebot,1
3332,163,turtlebot,1
3333,163,turtlebot,1
3334,163,turtlebot,1
3335,163,turtlebot,1
3336,163,turtlebot,1
3337,163,turtlebot,1
3338,163,turtlebot,1
3339,163,turtlebot,1
3340,163,turtlebot,1
3341,163,turtlebot,1
3342,163,turtlebot,1
3343,163,turtlebot,1
3344,163,turtlebot,1
3345,163,turtlebot,1
3346,163,turtlebot,1
3347,163,turtlebot,1
3348,163,turtlebot,1
3349,163,turtlebot,1
3350,163,turtlebot,1
3351,163,turtlebot,1
3352,163,turtlebot,1
3353,163,turtlebot,1
3354,163,turtlebot,1
3355,163,turtlebot,1
3356,163,turtlebot,1
3357,163,turtlebot,1
3358,163,turtlebot,1
3359,163,turtlebot,1
3360,163,turtlebot,1
3361,163,turtlebot,1
3362,163,turtlebot,1
3363,163,turtlebot,1
3364,163,turtlebot,1
3365,163,turtlebot,1
3366,163,turtlebot,1
3367,163,turtlebot,1
3368,163,turtlebot,1
3369,163,turtlebot,1
3370,163,turtlebot,1
3371,163,turtlebot,1
3372,163,turtlebot,1
3373,163,turtlebot,1
3374,163,turtlebot,1
3375,163,turtlebot,1
3376,163,turtlebot,1
3377,163,turtlebot,1
3378,163,turtlebot,1
3379,163,turtlebot,1
3380,163,,0
3381,163,,0
3382,163,,0
3383,163,,0
3384,163,,0
3385,163,,0
3386,163,,0
3387,163,,0
3388,163,,0
3389,163,,0
3390,-1,,0
3391,-1,,0
3392,-1,,0
3393,-1,,0
3394,168,turtlebot,1
3395,168,turtlebot,1
3396,168,turtlebot,1
3397,168,turtlebot,1
3398,168,turtlebot,1
3399,168,turtlebot,1
3400,168,turtlebot,1
3401,168,turtlebot,1
3402,168,turtlebot,1
3403,168,turtlebot,1
3404,168,turtlebot,1
3405,168,turtlebot,1
3406,168,turtlebot,1
3407,168,turtlebot,1
3408,168,turtlebot,1
3409,168,turtlebot,1
3410,168,turtlebot,1
3411,168,turtlebot,1
3412,168,turtlebot,1
3413,168,turtlebot,1
3414,168,turtlebot,1
3415,168,turtlebot,1
3416,168,turtlebot,1
3417,168,turtlebot,1
3418,168,turtlebot,1
3419,168,turtlebot,1
3420,168,turtlebot,1
3421,168,turtlebot,1
3422,168,turtlebot,1
3423,168,turtlebot,1
3424,168,turtlebot,1
3425,168,turtlebot,1
3426,168,turtlebot,1
3427,168,turtlebot,1
3428,168,turtlebot,1
3429,168,turtlebot,1
3430,168,turtlebot,1
3431,168,turtlebot,1
3432,168,turtlebot,1
3433,168,turtlebot,1
3434,168,turtlebot,1
3435,168,turtlebot,1
3436,168,turtlebot,1
3437,168,turtlebot,1
3438,168,turtlebot,1
3439,168,turtlebot,1
3440,168,turtlebot,1
3441,168,turtlebot,1
3442,168,turtlebot,1
3443,168,turtlebot,1
3444,168,turtlebot,1
3445,168,turtlebot,1
3446,168,turtlebot,1
3447,168,turtlebot,1
3448,168,turtlebot,1
3449,168,turtlebot,1
3450,168,turtlebot,1
3451,168,turtlebot,1
3452,168,turtlebot,1
3453,168,turtlebot,1
3454,168,turtlebot,1
3455,168,turtlebot,1
3456,168,turtlebot,1
3457,168,turtlebot,1
3458,168,turtlebot,1
3459,168,turtlebot,1
3460,168,turtlebot,1
3461,168,turtlebot,1
3462,168,turtlebot,1
3463,168,turtlebot,1
3464,168,turtlebot,1
3465,168,turtlebot,1
3466,168,turtlebot,1
3467,168,turtlebot,1
3468,168,turtlebot,1
3469,168,turtlebot,1
3470,168,turtlebot,1
3471,168,turtlebot,1
3472,168,turtlebot,1
3473,168,turtlebot,1
3474,168,turtlebot,1
3475,168,turtlebot,1
3476,168,turtlebot,1
3477,168,turtlebot,1
3478,168,turtlebot,1
3479,168,turtlebot,1
3480,168,turtlebot,1
3481,168,turtlebot,1
3482,168,turtlebot,1
3483,168,turtlebot,1
3484,168,turtlebot,1
3485,168,turtlebot,1
3486,168,turtlebot,1
3487,168,turtlebot,1
3488,168,turtlebot,1
3489,168,turtlebot,1
3490,168,turtlebot,1
3491,168,turtlebot,1
3492,168,turtlebot,1
3493,168,turtlebot,1
3494,168,turtlebot,1
3495,168,turtlebot,1
3496,168,turtlebot,1
3497,168,turtlebot,1
3498,168,turtlebot,1
3499,168,turtlebot,1
3500,168,turtlebot,1
3501,168,turtlebot,1
3502,168,turtlebot,1
3503,168,turtlebot,1
3504,168,turtlebot,1
3505,168,turtlebot,1
3506,168,turtlebot,1
3507,168,turtlebot,1
3508,168,turtlebot,1
3509,168,turtlebot,1
3510,168,turtlebot,1
3511,168,turtlebot,1
3512,168,turtlebot,1
3513,168,turtlebot,1
3514,168,turtlebot,1
3515,168,,0
3516,168,,0
3517,168,,0
3518,168,,0
3519,168,,0
3520,168,,0
3521,168,,0
3522,168,,0
3523,168,,0
3524,168,,0
3525,-1,,0
3526,-1,,0
3527,-1,,0
3528,-1,,0
3529,-1,,0
3530,-1,,0
3531,-1,,0
3532,-1,,0
3533,-1,,0
3534,-1,,0
3535,-1,,0
3536,-1,,0
3537,-1,,0
3538,-1,,0
3539,-1,,0
3540,-1,,0
3541,-1,,0
3542,-1,,0
3543,-1,,0
3544,-1,,0
3545,-1,,0
3546,-1,,0
3547,-1,,0
3548,-1,,0
3549,-1,,0
3550,-1,,0
3551,-1,,0
3552,-1,,0
3553,-1,,0
3554,-1,,0
3555,-1,,0
3556,-1,,0
3557,-1,,0
3558,-1,,0
3559,-1,,0
3560,-1,,0
3561,-1,,0
3562,-1,,0
3563,-1,,0
3564,-1,,0
3565,-1,,0
3566,-1,,0
3567,-1,,0
3568,177,turtlebot,1
3569,177,turtlebot,1
3570,177,turtlebot,1
3571,177,turtlebot,1
3572,177,turtlebot,1
3573,177,turtlebot,1
3574,177,turtlebot,1
3575,177,turtlebot,1
3576,177,turtlebot,1
3577,177,turtlebot,1
3578,177,turtlebot,1
3579,177,turtlebot,1
3580,177,turtlebot,1
3581,177,turtlebot,1
3582,177,turtlebot,1
3583,177,turtlebot,1
3584,177,turtlebot,1
3585,177,turtlebot,1
3586,177,turtlebot,1
3587,177,turtlebot,1
3588,177,turtlebot,1
3589,177,turtlebot,1
3590,177,turtlebot,1
3591,177,turtlebot,1
3592,177,turtlebot,1
3593,177,turtlebot,1
3594,177,turtlebot,1
3595,177,turtlebot,1
3596,177,turtlebot,1
3597,177,turtlebot,1
3598,177,turtlebot,1
3599,177,turtlebot,1
3600,177,turtlebot,1
3601,177,turtlebot,1
3602,177,turtlebot,1
3603,177,turtlebot,1
3604,177,turtlebot,1
3605,177,turtlebot,1
3606,177,,0
3607,177,,0
3608,177,,0
3609,177,,0
3610,177,,0
3611,177,,0
3612,177,,0
3613,177,,0
3614,177,,0
3615,177,,0
3616,-1,,0
3617,-1,,0
3618,-1,,0
3619,-1,,0
3620,-1,,0
3621,-1,,0
3622,-1,,0
3623,-1,,0
3624,-1,,0
3625,-1,,0
3626,-1,,0
3627,-1,,0
3628,-1,,0
3629,-1,,0
3630,-1,,0
3631,-1,,0
3632,-1,,0
3633,-1,,0
3634,-1,,0
3635,-1,,0
3636,-1,,0
3637,-1,,0
3638,-1,,0
3639,-1,,0
3640,-1,,0
3641,-1,,0
3642,-1,,0
3643,-1,,0
3644,-1,,0
3645,-1,,0
3646,-1,,0
3647,-1,,0
3648,-1,,0
3649,-1,,0
3650,-1,,0
3651,-1,,0
3652,-1,,0
3653,-1,,0
3654,-1,,0
3655,-1,,0
3656,-1,,0
3657,-1,,0
3658,-1,,0
3659,-1,,0
3660,-1,,0
3661,-1,,0
3662,-1,,0
3663,-1,,0
3664,-1,,0
3665,-1,,0
3666,-1,,0
3667,-1,,0
3668,-1,,0
3669,-1,,0
3670,-1,,0
3671,-1,,0
3672,-1,,0
3673,-1,,0
3674,-1,,0
3675,-1,,0
3676,-1,,0
3677,-1,,0
3678,-1,,0
3679,-1,,0
3680,-1,,0
3681,-1,,0
3682,-1,,0
3683,-1,,0
3684,-1,,0
3685,-1,,0
3686,-1,,0
3687,-1,,0
3688,-1,,0
3689,-1,,0
3690,-1,,0
3691,-1,,0
3692,-1,,0
3693,-1,,0
3694,-1,,0
3695,-1,,0
3696,-1,,0
3697,-1,,0
3698,-1,,0
3699,-1,,0
3700,-1,,0
3701,-1,,0
3702,-1,,0
3703,-1,,0
3704,-1,,0
3705,-1,,0
3706,-1,,0
3707,-1,,0
3708,-1,,0
3709,-1,,0
3710,-1,,0
3711,-1,,0
3712,-1,,0
3713,-1,,0
3714,-1,,0
3715,-1,,0
3716,-1,,0
3717,-1,,0
3718,-1,,0
3719,-1,,0
3720,-1,,0
3721,-1,,0
3722,-1,,0
3723,-1,,0
3724,-1,,0
3725,-1,,0
3726,-1,,0
3727,-1,,0
3728,-1,,0
3729,-1,,0
3730,-1,,0
3731,-1,,0
3732,-1,,0
3733,-1,,0
3734,-1,,0
3735,-1,,0
3736,-1,,0
3737,-1,,0
3738,-1,,0
3739,-1,,0
3740,-1,,0
3741,-1,,0
3742,-1,,0
3743,-1,,0
3744,-1,,0
3745,-1,,0
3746,-1,,0
3747,-1,,0
3748,-1,,0
3749,-1,,0
3750,-1,,0
3751,-1,,0
3752,-1,,0
3753,-1,,0
3754,-1,,0
3755,-1,,0
3756,-1,,0
3757,-1,,0
3758,-1,,0
3759,-1,,0
3760,-1,,0
3761,-1,,0
3762,-1,,0
3763,-1,,0
3764,-1,,0
3765,-1,,0
3766,-1,,0
3767,-1,,0
3768,-1,,0
3769,-1,,0
3770,-1,,0
3771,-1,,0
3772,-1,,0
3773,-1,,0
3774,-1,,0
3775,-1,,0
3776,-1,,0
3777,-1,,0
3778,-1,,0
3779,-1,,0
3780,-1,,0
3781,-1,,0
3782,-1,,0
3783,-1,,0
3784,-1,,0
3785,-1,,0
3786,-1,,0
3787,-1,,0
3788,-1,,0
3789,-1,,0
3790,-1,,0
3791,-1,,0
3792,-1,,0
3793,-1,,0
3794,-1,,0
3795,-1,,0
3796,-1,,0
3797,-1,,0
3798,-1,,0
3799,-1,,0
3800,-1,,0
3801,-1,,0
3802,-1,,0
3803,-1,,0
3804,-1,,0
3805,-1,,0
3806,-1,,0
3807,-1,,0
3808,-1,,0
3809,-1,,0
3810,-1,,0
3811,-1,,0
3812,-1,,0
3813,-1,,0
3814,-1,,0
3815,-1,,0
3816,-1,,0
3817,-1,,0
3818,-1,,0
3819,-1,,0
3820,-1,,0
3821,-1,,0
3822,-1,,0
3823,-1,,0
3824,-1,,0
3825,-1,,0
3826,-1,,0
3827,-1,,0
3828,-1,,0
3829,-1,,0
3830,-1,,0
3831,-1,,0
3832,-1,,0
3833,-1,,0
3834,-1,,0
3835,-1,,0
3836,-1,,0
3837,-1,,0
3838,-1,,0
3839,-1,,0
3840,-1,,0
3841,-1,,0
3842,-1,,0
3843,-1,,0
3844,-1,,0
3845,-1,,0
3846,-1,,0
3847,-1,,0
3848,-1,,0
3849,-1,,0
3850,-1,,0
3851,-1,,0
3852,-1,,0
3853,-1,,0
3854,-1,,0
3855,-1,,0
3856,-1,,0
3857,-1,,0
3858,-1,,0
3859,-1,,0
3860,-1,,0
3861,-1,,0
3862,-1,,0
3863,-1,,0
3864,-1,,0
3865,-1,,0
3866,-1,,0
3867,-1,,0
3868,-1,,0
3869,-1,,0
3870,-1,,0
3871,-1,,0
3872,-1,,0
3873,-1,,0
3874,-1,,0
3875,-1,,0
3876,-1,,0
3877,-1,,0
3878,-1,,0
3879,-1,,0
3880,-1,,0
3881,-1,,0
3882,-1,,0
3883,-1,,0
3884,-1,,0
3885,-1,,0
3886,-1,,0
3887,-1,,0
3888,-1,,0
3889,-1,,0
3890,-1,,0
3891,-1,,0
3892,-1,,0
3893,-1,,0
3894,-1,,0
3895,-1,,0
3896,-1,,0
3897,-1,,0
3898,-1,,0
3899,-1,,0
3900,-1,,0
3901,-1,,0
3902,-1,,0
3903,-1,,0
3904,-1,,0
3905,-1,,0
3906,-1,,0
3907,-1,,0
3908,-1,,0
3909,-1,,0
3910,-1,,0
3911,-1,,0
3912,-1,,0
3913,-1,,0
3914,-1,,0
3915,-1,,0
3916,-1,,0
3917,-1,,0
3918,-1,,0
3919,-1,,0
3920,-1,,0
3921,-1,,0
3922,-1,,0
3923,-1,,0
3924,-1,,0
3925,-1,,0
3926,-1,,0
3927,-1,,0
3928,-1,,0
3929,-1,,0
3930,-1,,0
3931,-1,,0
3932,-1,,0
3933,-1,,0
3934,-1,,0
3935,-1,,0
3936,-1,,0
3937,-1,,0
3938,-1,,0
3939,-1,,0
3940,-1,,0
3941,-1,,0
3942,-1,,0
3943,-1,,0
3944,-1,,0
3945,-1,,0
3946,-1,,0
3947,-1,,0
3948,-1,,0
3949,-1,,0
3950,-1,,0
3951,-1,,0
3952,-1,,0
3953,-1,,0
3954,-1,,0
3955,-1,,0
3956,-1,,0
3957,-1,,0
3958,-1,,0
3959,-1,,0
3960,-1,,0
3961,-1,,0
3962,-1,,0
3963,-1,,0
3964,-1,,0
3965,-1,,0
3966,-1,,0
3967,-1,,0
3968,-1,,0
3969,-1,,0
3970,-1,,0
3971,-1,,0
3972,-1,,0
3973,-1,,0
3974,-1,,0
3975,-1,,0
3976,-1,,0
3977,-1,,0
3978,-1,,0
3979,-1,,0
3980,-1,,0
3981,-1,,0
3982,-1,,0
3983,-1,,0
3984,-1,,0
3985,-1,,0
3986,-1,,0
3987,-1,,0
3988,-1,,0
3989,-1,,0
3990,-1,,0
3991,-1,,0
3992,-1,,0
3993,-1,,0
3994,-1,,0
3995,-1,,0
3996,-1,,0
3997,-1,,0
3998,-1,,0
3999,-1,,0
4000,-1,,0
4001,-1,,0
4002,-1,,0
4003,-1,,0
4004,-1,,0
4005,-1,,0
4006,-1,,0
4007,-1,,0
4008,-1,,0
4009,-1,,0
4010,-1,,0
4011,-1,,0
4012,-1,,0
4013,-1,,0
4014,-1,,0
4015,-1,,0
4016,-1,,0
4017,-1,,0
4018,-1,,0
4019,-1,,0
4020,-1,,0
4021,-1,,0
4022,-1,,0
4023,-1,,0
4024,-1,,0
4025,-1,,0
4026,-1,,0
4027,-1,,0
4028,-1,,0
4029,-1,,0
4030,-1,,0
4031,-1,,0
4032,-1,,0
4033,-1,,0
4034,-1,,0
4035,-1,,0
4036,-1,,0
4037,-1,,0
4038,-1,,0
4039,-1,,0
4040,-1,,0
4041,-1,,0
4042,-1,,0
4043,-1,,0
4044,-1,,0
4045,-1,,0
4046,-1,,0
4047,-1,,0
4048,-1,,0
4049,-1,,0
4050,-1,,0
4051,-1,,0
4052,-1,,0
4053,-1,,0
4054,-1,,0
4055,-1,,0
4056,-1,,0
4057,-1,,0
4058,-1,,0
4059,-1,,0
4060,-1,,0
4061,-1,,0
4062,-1,,0
4063,-1,,0
4064,-1,,0
4065,-1,,0
4066,-1,,0
4067,-1,,0
4068,-1,,0
4069,-1,,0
4070,-1,,0
4071,-1,,0
4072,-1,,0
4073,-1,,0
4074,-1,,0
4075,-1,,0
4076,-1,,0
4077,-1,,0
4078,-1,,0
4079,-1,,0
4080,-1,,0
4081,-1,,0
4082,-1,,0
4083,-1,,0
4084,-1,,0
4085,-1,,0
4086,-1,,0
4087,-1,,0
4088,-1,,0
4089,-1,,0
4090,-1,,0
4091,-1,,0
4092,-1,,0
4093,-1,,0
4094,-1,,0
4095,-1,,0
4096,-1,,0
4097,-1,,0
4098,-1,,0
4099,-1,,0
4100,-1,,0
4101,-1,,0
4102,-1,,0
4103,-1,,0
4104,-1,,0
4105,-1,,0
4106,-1,,0
4107,-1,,0
4108,-1,,0
4109,-1,,0
4110,-1,,0
4111,-1,,0
4112,-1,,0
4113,-1,,0
4114,-1,,0
4115,-1,,0
4116,-1,,0
4117,-1,,0
4118,-1,,0
4119,-1,,0
4120,-1,,0
4121,-1,,0
4122,-1,,0
4123,-1,,0
4124,-1,,0
4125,-1,,0
4126,-1,,0
4127,-1,,0
4128,-1,,0
4129,-1,,0
4130,-1,,0
4131,-1,,0
4132,-1,,0
4133,-1,,0
4134,-1,,0
4135,-1,,0
4136,-1,,0
4137,-1,,0
4138,-1,,0
4139,-1,,0
4140,-1,,0
4141,-1,,0
4142,-1,,0
4143,-1,,0
4144,-1,,0
4145,-1,,0
4146,-1,,0
4147,-1,,0
4148,-1,,0
4149,-1,,0
4150,-1,,0
4151,-1,,0
4152,-1,,0
4153,-1,,0
4154,-1,,0
4155,-1,,0
4156,-1,,0
4157,-1,,0
4158,-1,,0
4159,-1,,0
4160,-1,,0
4161,-1,,0
4162,-1,,0
4163,-1,,0
4164,-1,,0
4165,-1,,0
4166,-1,,0
4167,-1,,0
4168,-1,,0
4169,-1,,0
4170,-1,,0
4171,-1,,0
4172,-1,,0
4173,-1,,0
4174,-1,,0
4175,-1,,0
4176,-1,,0
4177,-1,,0
4178,-1,,0
4179,-1,,0
4180,-1,,0
4181,-1,,0
4182,-1,,0
4183,-1,,0
4184,-1,,0
4185,-1,,0
4186,-1,,0
4187,-1,,0
4188,-1,,0
4189,-1,,0
4190,-1,,0
4191,-1,,0
4192,-1,,0
4193,-1,,0
4194,-1,,0
4195,-1,,0
4196,-1,,0
4197,-1,,0
4198,-1,,0
4199,-1,,0
4200,-1,,0
4201,-1,,0
4202,-1,,0
4203,-1,,0
4204,-1,,0
4205,-1,,0
4206,-1,,0
4207,-1,,0
4208,-1,,0
4209,-1,,0
4210,-1,,0
4211,-1,,0
4212,-1,,0
4213,-1,,0
4214,-1,,0
4215,-1,,0
4216,-1,,0
4217,-1,,0
4218,-1,,0
4219,-1,,0
4220,-1,,0
4221,-1,,0
4222,-1,,0
4223,-1,,0
4224,-1,,0
4225,-1,,0
4226,-1,,0
4227,-1,,0
4228,-1,,0
4229,-1,,0
4230,-1,,0
4231,-1,,0
4232,-1,,0
4233,-1,,0
4234,-1,,0
4235,-1,,0
4236,-1,,0
4237,-1,,0
4238,-1,,0
4239,-1,,0
4240,-1,,0
4241,-1,,0
4242,-1,,0
4243,-1,,0
4244,-1,,0
4245,-1,,0
4246,-1,,0
4247,-1,,0
4248,-1,,0
4249,-1,,0
4250,-1,,0
4251,-1,,0
4252,-1,,0
4253,-1,,0
4254,-1,,0
4255,-1,,0
4256,-1,,0
4257,-1,,0
4258,-1,,0
4259,-1,,0
4260,-1,,0
4261,-1,,0
4262,-1,,0
4263,-1,,0
4264,-1,,0
4265,-1,,0
4266,-1,,0
4267,-1,,0
4268,-1,,0
4269,-1,,0
4270,-1,,0
4271,-1,,0
4272,-1,,0
4273,-1,,0
4274,-1,,0
4275,-1,,0
4276,-1,,0
4277,-1,,0
4278,-1,,0
4279,-1,,0
4280,-1,,0
4281,-1,,0
4282,-1,,0
4283,-1,,0
4284,-1,,0
4285,-1,,0
4286,-1,,0
4287,-1,,0
4288,-1,,0
4289,-1,,0
4290,-1,,0
4291,-1,,0
4292,-1,,0
4293,-1,,0
4294,-1,,0
4295,-1,,0
4296,-1,,0
4297,-1,,0
4298,-1,,0
4299,-1,,0
4300,-1,,0
4301,-1,,0
4302,-1,,0
4303,-1,,0
4304,-1,,0
4305,-1,,0
4306,-1,,0
4307,-1,,0
4308,-1,,0
4309,-1,,0
4310,-1,,0
4311,-1,,0
4312,-1,,0
4313,-1,,0
4314,-1,,0
4315,-1,,0
4316,-1,,0
4317,-1,,0
4318,-1,,0
4319,-1,,0
4320,-1,,0
4321,-1,,0
4322,-1,,0
4323,-1,,0
4324,-1,,0
4325,-1,,0
4326,-1,,0
4327,-1,,0
4328,-1,,0
4329,-1,,0
4330,-1,,0
4331,-1,,0
4332,-1,,0
4333,-1,,0
4334,-1,,0
4335,-1,,0
4336,-1,,0
4337,-1,,0
4338,-1,,0
4339,-1,,0
4340,-1,,0
4341,-1,,0
4342,-1,,0
4343,-1,,0
4344,-1,,0
4345,-1,,0
4346,-1,,0
4347,-1,,0
4348,-1,,0
4349,-1,,0
4350,-1,,0
4351,-1,,0
4352,-1,,0
4353,-1,,0
4354,-1,,0
4355,-1,,0
4356,-1,,0
4357,-1,,0
4358,-1,,0
4359,-1,,0
4360,-1,,0
4361,-1,,0
4362,-1,,0
4363,-1,,0
4364,-1,,0
4365,-1,,0
4366,-1,,0
4367,-1,,0
4368,-1,,0
4369,-1,,0
4370,-1,,0
4371,-1,,0
4372,-1,,0
4373,-1,,0
4374,-1,,0
4375,-1,,0
4376,-1,,0
4377,-1,,0
4378,-1,,0
4379,-1,,0
4380,-1,,0
4381,-1,,0
4382,-1,,0
4383,-1,,0
4384,-1,,0
4385,-1,,0
4386,-1,,0
4387,-1,,0
4388,-1,,0
4389,-1,,0
4390,-1,,0
4391,-1,,0
4392,-1,,0
4393,-1,,0
4394,-1,,0
4395,-1,,0
4396,-1,,0
4397,-1,,0
4398,-1,,0
4399,-1,,0
4400,-1,,0
4401,-1,,0
4402,-1,,0
4403,-1,,0
4404,-1,,0
4405,-1,,0
4406,-1,,0
4407,-1,,0
4408,-1,,0
4409,-1,,0
4410,-1,,0
4411,-1,,0
4412,-1,,0
4413,-1,,0
4414,-1,,0
4415,-1,,0
4416,-1,,0
4417,-1,,0
4418,-1,,0
4419,-1,,0
4420,-1,,0
4421,-1,,0
4422,-1,,0
4423,-1,,0
4424,-1,,0
4425,-1,,0
4426,-1,,0
4427,-1,,0
4428,-1,,0
4429,-1,,0
4430,-1,,0
4431,-1,,0
4432,-1,,0
4433,-1,,0
4434,-1,,0
4435,-1,,0
4436,-1,,0
4437,-1,,0
4438,-1,,0
4439,-1,,0
4440,-1,,0
4441,-1,,0
4442,-1,,0
4443,-1,,0
4444,-1,,0
4445,-1,,0
4446,-1,,0
4447,-1,,0
4448,-1,,0
4449,-1,,0
4450,-1,,0
4451,-1,,0
4452,-1,,0
4453,-1,,0
4454,-1,,0
4455,-1,,0
4456,-1,,0
4457,-1,,0
4458,-1,,0
4459,-1,,0
4460,-1,,0
4461,-1,,0
4462,-1,,0
4463,-1,,0
4464,-1,,0
4465,-1,,0
4466,-1,,0
4467,-1,,0
4468,-1,,0
4469,-1,,0
4470,-1,,0
4471,-1,,0
4472,-1,,0
4473,-1,,0
4474,-1,,0
4475,-1,,0
4476,-1,,0
4477,-1,,0
4478,-1,,0
4479,-1,,0
4480,-1,,0
4481,-1,,0
4482,-1,,0
4483,-1,,0
4484,-1,,0
4485,-1,,0
4486,-1,,0
4487,-1,,0
4488,-1,,0
4489,-1,,0
4490,-1,,0
4491,-1,,0
4492,-1,,0
4493,-1,,0
4494,-1,,0
4495,-1,,0
4496,-1,,0
4497,-1,,0
4498,-1,,0
4499,-1,,0
4500,-1,,0
4501,-1,,0
4502,-1,,0
4503,-1,,0
4504,-1,,0
4505,-1,,0
4506,-1,,0
4507,-1,,0
4508,-1,,0
4509,-1,,0
4510,-1,,0
4511,-1,,0
4512,-1,,0
4513,-1,,0
4514,-1,,0
4515,-1,,0
4516,-1,,0
4517,-1,,0
4518,-1,,0
4519,-1,,0
4520,-1,,0
4521,-1,,0
4522,-1,,0
4523,-1,,0
4524,-1,,0
4525,-1,,0
4526,-1,,0
4527,-1,,0
4528,-1,,0
4529,-1,,0
4530,-1,,0
4531,-1,,0
4532,-1,,0
4533,-1,,0
4534,-1,,0
4535,-1,,0
4536,-1,,0
4537,-1,,0
4538,-1,,0
4539,-1,,0
4540,-1,,0
4541,-1,,0
4542,-1,,0
4543,-1,,0
4544,-1,,0
4545,-1,,0
4546,-1,,0
4547,-1,,0
4548,-1,,0
4549,-1,,0
4550,-1,,0
4551,-1,,0
4552,-1,,0
4553,-1,,0
4554,-1,,0
4555,-1,,0
4556,-1,,0
4557,-1,,0
4558,-1,,0
4559,-1,,0
4560,-1,,0
4561,-1,,0
4562,-1,,0
4563,-1,,0
4564,-1,,0
4565,-1,,0
4566,-1,,0
4567,-1,,0
4568,-1,,0
4569,-1,,0
4570,-1,,0
4571,-1,,0
4572,-1,,0
4573,-1,,0
4574,-1,,0
4575,-1,,0
4576,-1,,0
4577,-1,,0
4578,-1,,0
4579,-1,,0
4580,-1,,0
4581,-1,,0
4582,-1,,0
4583,-1,,0
4584,-1,,0
4585,-1,,0
4586,-1,,0
4587,-1,,0
4588,-1,,0
4589,-1,,0
4590,-1,,0
4591,-1,,0
4592,-1,,0
4593,-1,,0
4594,-1,,0
4595,-1,,0
4596,-1,,0
4597,-1,,0
4598,-1,,0
4599,-1,,0
4600,-1,,0
4601,-1,,0
4602,-1,,0
4603,-1,,0
4604,-1,,0
4605,-1,,0
4606,-1,,0
4607,-1,,0
4608,-1,,0
4609,-1,,0
4610,-1,,0
4611,-1,,0
4612,-1,,0
4613,-1,,0
4614,-1,,0
4615,-1,,0
4616,-1,,0
4617,-1,,0
4618,-1,,0
4619,-1,,0
4620,-1,,0
4621,-1,,0
4622,-1,,0
4623,-1,,0
4624,-1,,0
4625,-1,,0
4626,-1,,0
4627,-1,,0
4628,-1,,0
4629,-1,,0
4630,-1,,0
4631,-1,,0
4632,-1,,0
4633,-1,,0
4634,-1,,0
4635,-1,,0
4636,-1,,0
4637,-1,,0
4638,-1,,0
4639,-1,,0
4640,-1,,0
4641,-1,,0
4642,-1,,0
4643,-1,,0
4644,-1,,0
4645,-1,,0
4646,-1,,0
4647,-1,,0
4648,-1,,0
4649,-1,,0
4650,-1,,0
4651,-1,,0
4652,-1,,0
4653,-1,,0
4654,-1,,0
4655,-1,,0
4656,-1,,0
4657,-1,,0
4658,-1,,0
4659,-1,,0
4660,-1,,0
4661,-1,,0
4662,-1,,0
4663,-1,,0
4664,-1,,0
4665,-1,,0
4666,-1,,0
4667,-1,,0
4668,-1,,0
4669,-1,,0
4670,-1,,0
4671,-1,,0
4672,-1,,0
4673,-1,,0
4674,-1,,0
4675,-1,,0
4676,-1,,0
4677,-1,,0
4678,-1,,0
4679,-1,,0
4680,-1,,0
4681,-1,,0
4682,-1,,0
4683,-1,,0
4684,-1,,0
4685,-1,,0
4686,-1,,0
4687,-1,,0
4688,-1,,0
4689,-1,,0
4690,-1,,0
4691,-1,,0
4692,-1,,0
4693,-1,,0
4694,-1,,0
4695,-1,,0
4696,-1,,0
4697,-1,,0
4698,-1,,0
4699,-1,,0
4700,-1,,0
4701,-1,,0
4702,-1,,0
4703,-1,,0
4704,-1,,0
4705,-1,,0
4706,-1,,0
4707,-1,,0
4708,-1,,0
4709,-1,,0
4710,-1,,0
4711,-1,,0
4712,-1,,0
4713,-1,,0
4714,-1,,0
4715,-1,,0
4716,-1,,0
4717,-1,,0
4718,-1,,0
4719,-1,,0
4720,-1,,0
4721,-1,,0
4722,-1,,0
4723,-1,,0
4724,-1,,0
4725,-1,,0
4726,-1,,0
4727,-1,,0
4728,-1,,0
4729,-1,,0
4730,-1,,0
4731,-1,,0
4732,-1,,0
4733,-1,,0
4734,-1,,0
4735,-1,,0
4736,-1,,0
4737,-1,,0
4738,-1,,0
4739,-1,,0
4740,-1,,0
4741,-1,,0
4742,-1,,0
4743,-1,,0
4744,-1,,0
4745,-1,,0
4746,-1,,0
4747,-1,,0
4748,-1,,0
4749,-1,,0
4750,-1,,0
4751,-1,,0
4752,-1,,0
4753,-1,,0
4754,-1,,0
4755,-1,,0
4756,-1,,0
4757,-1,,0
4758,-1,,0
4759,-1,,0
4760,-1,,0
4761,-1,,0
4762,-1,,0
4763,-1,,0
4764,-1,,0
4765,-1,,0
4766,-1,,0
4767,-1,,0
4768,-1,,0
4769,-1,,0
4770,-1,,0
4771,-1,,0
4772,-1,,0
4773,-1,,0
4774,-1,,0
4775,-1,,0
4776,-1,,0
4777,-1,,0
4778,-1,,0
4779,-1,,0
4780,-1,,0
4781,-1,,0
4782,-1,,0
4783,-1,,0
4784,-1,,0
4785,-1,,0
4786,-1,,0
4787,-1,,0
4788,-1,,0
4789,-1,,0
4790,-1,,0
4791,-1,,0
4792,-1,,0
4793,-1,,0
4794,-1,,0
4795,-1,,0
4796,-1,,0
4797,-1,,0
4798,-1,,0
4799,-1,,0
4800,-1,,0
4801,-1,,0
4802,-1,,0
4803,-1,,0
4804,-1,,0
4805,-1,,0
4806,-1,,0
4807,-1,,0
4808,-1,,0
4809,-1,,0
4810,-1,,0
4811,-1,,0
4812,-1,,0
4813,-1,,0
4814,-1,,0
4815,-1,,0
4816,-1,,0
4817,-1,,0
4818,-1,,0
4819,-1,,0
4820,-1,,0
4821,-1,,0
4822,-1,,0
4823,-1,,0
4824,-1,,0
4825,-1,,0
4826,-1,,0
4827,-1,,0
4828,-1,,0
4829,-1,,0
4830,-1,,0
4831,-1,,0
4832,-1,,0
4833,-1,,0
4834,-1,,0
4835,-1,,0
4836,-1,,0
4837,-1,,0
4838,-1,,0
4839,-1,,0
4840,-1,,0
4841,-1,,0
4842,-1,,0
4843,-1,,0
4844,-1,,0
4845,-1,,0
4846,-1,,0
4847,-1,,0
4848,-1,,0
4849,-1,,0
4850,-1,,0
4851,-1,,0
4852,-1,,0
4853,-1,,0
4854,-1,,0
4855,-1,,0
4856,-1,,0
4857,-1,,0
4858,-1,,0
4859,-1,,0
4860,-1,,0
4861,-1,,0
4862,-1,,0
4863,-1,,0
4864,-1,,0
4865,-1,,0
4866,-1,,0
4867,-1,,0
4868,-1,,0
4869,-1,,0
4870,-1,,0
4871,-1,,0
4872,-1,,0
4873,-1,,0
4874,-1,,0
4875,-1,,0
4876,-1,,0
4877,-1,,0
4878,-1,,0
4879,-1,,0
4880,-1,,0
4881,-1,,0
4882,-1,,0
4883,-1,,0
4884,-1,,0
4885,-1,,0
4886,-1,,0
4887,-1,,0
4888,-1,,0
4889,-1,,0
4890,-1,,0
4891,-1,,0
4892,-1,,0
4893,-1,,0
4894,-1,,0
4895,-1,,0
4896,-1,,0
4897,-1,,0
4898,-1,,0
4899,-1,,0
4900,-1,,0
4901,-1,,0
4902,-1,,0
4903,-1,,0
4904,-1,,0
4905,-1,,0
4906,-1,,0
4907,-1,,0
4908,-1,,0
4909,-1,,0
4910,-1,,0
4911,-1,,0
4912,-1,,0
4913,-1,,0
4914,-1,,0
4915,-1,,0
4916,-1,,0
4917,-1,,0
4918,-1,,0
4919,-1,,0
4920,-1,,0
4921,-1,,0
4922,-1,,0
4923,-1,,0
4924,-1,,0
4925,-1,,0
4926,-1,,0
4927,-1,,0
4928,-1,,0
4929,-1,,0
4930,-1,,0
4931,-1,,0
4932,-1,,0
4933,-1,,0
4934,-1,,0
4935,-1,,0
4936,-1,,0
4937,-1,,0
4938,-1,,0
4939,-1,,0
4940,-1,,0
4941,-1,,0
4942,-1,,0
4943,-1,,0
4944,-1,,0
4945,-1,,0
4946,-1,,0
4947,-1,,0
4948,-1,,0
4949,-1,,0
4950,-1,,0
4951,-1,,0
4952,-1,,0
4953,-1,,0
4954,-1,,0
4955,-1,,0
4956,-1,,0
4957,-1,,0
4958,-1,,0
4959,-1,,0
4960,-1,,0
4961,-1,,0
4962,-1,,0
4963,-1,,0
4964,-1,,0
4965,-1,,0
4966,-1,,0
4967,-1,,0
4968,-1,,0
4969,-1,,0
4970,-1,,0
4971,-1,,0
4972,-1,,0
4973,-1,,0
4974,-1,,0
4975,-1,,0
4976,-1,,0
4977,-1,,0
4978,-1,,0
4979,-1,,0
4980,-1,,0
4981,-1,,0
4982,-1,,0
4983,-1,,0
4984,-1,,0
4985,-1,,0
4986,-1,,0
4987,-1,,0
4988,-1,,0
4989,-1,,0
4990,-1,,0
4991,-1,,0
4992,-1,,0
4993,-1,,0
4994,-1,,0
4995,-1,,0
4996,-1,,0
4997,-1,,0
4998,-1,,0
4999,-1,,0
5000,-1,,0
5001,-1,,0
5002,-1,,0
5003,-1,,0
5004,-1,,0
5005,-1,,0
5006,-1,,0
5007,-1,,0
5008,-1,,0
5009,-1,,0
5010,-1,,0
5011,-1,,0
5012,-1,,0
5013,-1,,0
5014,-1,,0
5015,-1,,0
5016,-1,,0
5017,-1,,0
5018,-1,,0
5019,-1,,0
5020,-1,,0
5021,-1,,0
5022,-1,,0
5023,-1,,0
5024,-1,,0
5025,-1,,0
5026,-1,,0
5027,-1,,0
5028,-1,,0
5029,-1,,0
5030,-1,,0
5031,-1,,0
5032,-1,,0
5033,-1,,0
5034,-1,,0
5035,-1,,0
5036,-1,,0
5037,-1,,0
5038,-1,,0
5039,-1,,0
5040,-1,,0
5041,-1,,0
5042,-1,,0
5043,-1,,0
5044,-1,,0
5045,-1,,0
5046,-1,,0
5047,-1,,0
5048,-1,,0
5049,-1,,0
5050,-1,,0
5051,-1,,0
5052,-1,,0
5053,-1,,0
5054,-1,,0
5055,-1,,0
5056,-1,,0
5057,-1,,0
5058,-1,,0
5059,-1,,0
5060,-1,,0
5061,-1,,0
5062,-1,,0
5063,-1,,0
5064,-1,,0
5065,-1,,0
5066,-1,,0
5067,-1,,0
5068,-1,,0
5069,-1,,0
5070,-1,,0
5071,-1,,0
5072,-1,,0
5073,-1,,0
5074,-1,,0
5075,-1,,0
5076,-1,,0
5077,-1,,0
5078,-1,,0
5079,-1,,0
5080,-1,,0
5081,-1,,0
5082,-1,,0
5083,-1,,0
5084,-1,,0
5085,-1,,0
5086,-1,,0
5087,-1,,0
5088,-1,,0
5089,-1,,0
5090,-1,,0
5091,-1,,0
5092,-1,,0
5093,-1,,0
5094,-1,,0
5095,-1,,0
5096,-1,,0
5097,-1,,0
5098,-1,,0
5099,-1,,0
5100,-1,,0
5101,-1,,0
5102,-1,,0
5103,-1,,0
5104,-1,,0
5105,-1,,0
5106,-1,,0
5107,-1,,0
5108,-1,,0
5109,-1,,0
5110,-1,,0
5111,-1,,0
5112,-1,,0
5113,-1,,0
5114,-1,,0
5115,-1,,0
5116,-1,,0
5117,-1,,0
5118,-1,,0
5119,-1,,0
5120,-1,,0
5121,-1,,0
5122,-1,,0
5123,-1,,0
5124,-1,,0
5125,-1,,0
5126,-1,,0
5127,-1,,0
5128,-1,,0
5129,-1,,0
5130,-1,,0
5131,-1,,0
5132,-1,,0
5133,-1,,0
5134,-1,,0
5135,-1,,0
5136,-1,,0
5137,-1,,0
5138,-1,,0
5139,-1,,0
5140,-1,,0
5141,-1,,0
5142,-1,,0
5143,-1,,0
5144,-1,,0
5145,-1,,0
5146,-1,,0
5147,-1,,0
5148,-1,,0
5149,-1,,0
5150,-1,,0
5151,-1,,0
5152,-1,,0
5153,-1,,0
5154,-1,,0
5155,-1,,0
5156,-1,,0
5157,-1,,0
5158,-1,,0
5159,-1,,0
5160,-1,,0
5161,-1,,0
5162,-1,,0
5163,-1,,0
5164,-1,,0
5165,-1,,0
5166,-1,,0
5167,-1,,0
5168,-1,,0
5169,-1,,0
5170,-1,,0
5171,-1,,0
5172,-1,,0
5173,-1,,0
5174,-1,,0
5175,-1,,0
5176,-1,,0
5177,-1,,0
5178,-1,,0
5179,-1,,0
5180,-1,,0
5181,-1,,0
5182,-1,,0
5183,-1,,0
5184,-1,,0
5185,-1,,0
5186,-1,,0
5187,-1,,0
5188,-1,,0
5189,-1,,0
5190,-1,,0
5191,-1,,0
5192,-1,,0
5193,-1,,0
5194,-1,,0
5195,-1,,0
5196,-1,,0
5197,-1,,0
5198,-1,,0
5199,-1,,0
5200,-1,,0
5201,-1,,0
5202,-1,,0
5203,-1,,0
5204,-1,,0
5205,-1,,0
5206,-1,,0
5207,-1,,0
5208,-1,,0
5209,-1,,0
5210,-1,,0
5211,-1,,0
5212,-1,,0
5213,-1,,0
5214,-1,,0
5215,-1,,0
5216,-1,,0
5217,-1,,0
5218,-1,,0
5219,-1,,0
5220,-1,,0
5221,-1,,0
5222,-1,,0
5223,-1,,0
5224,-1,,0
5225,-1,,0
5226,-1,,0
5227,-1,,0
5228,-1,,0
5229,-1,,0
5230,-1,,0
5231,-1,,0
5232,-1,,0
5233,-1,,0
5234,-1,,0
5235,-1,,0
5236,-1,,0
5237,-1,,0
5238,-1,,0
5239,-1,,0
5240,-1,,0
5241,-1,,0
5242,-1,,0
5243,-1,,0
5244,-1,,0
5245,-1,,0
5246,-1,,0
5247,-1,,0
5248,-1,,0
5249,-1,,0
5250,-1,,0
5251,-1,,0
5252,-1,,0
5253,-1,,0
5254,-1,,0
5255,-1,,0
5256,-1,,0
5257,-1,,0
5258,-1,,0
5259,-1,,0
5260,-1,,0
5261,-1,,0
5262,-1,,0
5263,-1,,0
5264,-1,,0
5265,-1,,0
5266,-1,,0
5267,-1,,0
5268,-1,,0
5269,-1,,0
5270,-1,,0
5271,-1,,0
5272,-1,,0
5273,-1,,0
5274,-1,,0
5275,-1,,0
5276,-1,,0
5277,-1,,0
5278,-1,,0
5279,-1,,0
5280,-1,,0
5281,-1,,0
5282,-1,,0
5283,-1,,0
5284,-1,,0
5285,-1,,0
5286,-1,,0
5287,-1,,0
5288,-1,,0
5289,-1,,0
5290,-1,,0
5291,-1,,0
5292,-1,,0
5293,-1,,0
5294,-1,,0
5295,-1,,0
5296,-1,,0
5297,-1,,0
5298,-1,,0
5299,-1,,0
5300,-1,,0
5301,-1,,0
5302,-1,,0
5303,-1,,0
5304,-1,,0
5305,-1,,0
5306,-1,,0
5307,-1,,0
5308,-1,,0
5309,-1,,0
5310,-1,,0
5311,-1,,0
5312,-1,,0
5313,-1,,0
5314,-1,,0
5315,-1,,0
5316,-1,,0
5317,-1,,0
5318,-1,,0
5319,-1,,0
5320,-1,,0
5321,-1,,0
5322,-1,,0
5323,-1,,0
5324,-1,,0
5325,-1,,0
5326,-1,,0
5327,-1,,0
5328,-1,,0
5329,-1,,0
5330,-1,,0
5331,-1,,0
5332,-1,,0
5333,-1,,0
5334,-1,,0
5335,-1,,0
5336,-1,,0
5337,-1,,0
5338,-1,,0
5339,-1,,0
5340,-1,,0
5341,-1,,0
5342,-1,,0
5343,-1,,0
5344,-1,,0
5345,-1,,0
5346,-1,,0
5347,-1,,0
5348,-1,,0
5349,-1,,0
5350,-1,,0
5351,-1,,0
5352,-1,,0
5353,-1,,0
5354,-1,,0
5355,-1,,0
5356,-1,,0
5357,-1,,0
5358,-1,,0
5359,-1,,0
5360,-1,,0
5361,-1,,0
5362,-1,,0
5363,-1,,0
5364,-1,,0
5365,-1,,0
5366,-1,,0
5367,-1,,0
5368,-1,,0
5369,-1,,0
5370,-1,,0
5371,-1,,0
5372,-1,,0
5373,-1,,0
5374,-1,,0
5375,-1,,0
5376,-1,,0
5377,-1,,0
5378,-1,,0
5379,-1,,0
5380,-1,,0
5381,-1,,0
5382,-1,,0
5383,-1,,0
5384,-1,,0
5385,-1,,0
5386,-1,,0
5387,-1,,0
5388,-1,,0
5389,-1,,0
5390,-1,,0
5391,-1,,0
5392,-1,,0
5393,-1,,0
5394,-1,,0
5395,-1,,0
5396,-1,,0
5397,-1,,0
5398,-1,,0
5399,-1,,0
5400,-1,,0
5401,-1,,0
5402,-1,,0
5403,-1,,0
5404,-1,,0
5405,-1,,0
5406,-1,,0
5407,-1,,0
5408,-1,,0
5409,-1,,0
5410,-1,,0
5411,-1,,0
5412,-1,,0
5413,-1,,0
5414,-1,,0
5415,-1,,0
5416,-1,,0
5417,-1,,0
5418,-1,,0
5419,-1,,0
5420,-1,,0
5421,-1,,0
5422,-1,,0
5423,-1,,0
5424,-1,,0
5425,-1,,0
5426,-1,,0
5427,-1,,0
5428,-1,,0
5429,-1,,0
5430,-1,,0
5431,-1,,0
5432,-1,,0
5433,-1,,0
5434,-1,,0
5435,-1,,0
5436,-1,,0
5437,-1,,0
5438,-1,,0
5439,-1,,0
5440,-1,,0
5441,-1,,0
5442,-1,,0
5443,-1,,0
5444,-1,,0
5445,-1,,0
5446,-1,,0
5447,-1,,0
5448,-1,,0
5449,-1,,0
5450,-1,,0
5451,-1,,0
5452,-1,,0
5453,-1,,0
5454,-1,,0
5455,-1,,0
5456,-1,,0
5457,-1,,0
5458,-1,,0
5459,-1,,0
5460,-1,,0
5461,-1,,0
5462,-1,,0
5463,-1,,0
5464,-1,,0
5465,-1,,0
5466,-1,,0
5467,-1,,0
5468,-1,,0
5469,-1,,0
5470,-1,,0
5471,-1,,0
5472,-1,,0
5473,-1,,0
5474,-1,,0
5475,-1,,0
5476,-1,,0
5477,-1,,0
5478,-1,,0
5479,-1,,0
5480,-1,,0
5481,-1,,0
5482,-1,,0
5483,-1,,0
5484,-1,,0
5485,-1,,0
5486,-1,,0
5487,-1,,0
5488,-1,,0
5489,-1,,0
5490,-1,,0
5491,-1,,0
5492,-1,,0
5493,-1,,0
5494,-1,,0
5495,-1,,0
5496,-1,,0
5497,-1,,0
5498,-1,,0
5499,-1,,0
5500,-1,,0
5501,-1,,0
5502,-1,,0
5503,-1,,0
5504,-1,,0
5505,-1,,0
5506,-1,,0
5507,-1,,0
5508,-1,,0
5509,-1,,0
5510,-1,,0
5511,-1,,0
5512,-1,,0
5513,-1,,0
5514,-1,,0
5515,-1,,0
5516,-1,,0
5517,-1,,0
5518,-1,,0
5519,-1,,0
5520,-1,,0
5521,-1,,0
5522,-1,,0
5523,-1,,0
5524,-1,,0
5525,-1,,0
5526,-1,,0
5527,-1,,0
5528,-1,,0
5529,-1,,0
5530,-1,,0
5531,-1,,0
5532,-1,,0
5533,-1,,0
5534,-1,,0
5535,-1,,0
5536,-1,,0
5537,-1,,0
5538,-1,,0
5539,-1,,0
5540,-1,,0
5541,-1,,0
5542,-1,,0
5543,-1,,0
5544,-1,,0
5545,-1,,0
5546,-1,,0
5547,-1,,0
5548,-1,,0
5549,-1,,0
5550,-1,,0
5551,-1,,0
5552,-1,,0
5553,-1,,0
5554,-1,,0
5555,-1,,0
5556,-1,,0
5557,-1,,0
5558,-1,,0
5559,-1,,0
5560,-1,,0
5561,-1,,0
5562,-1,,0
5563,-1,,0
5564,-1,,0
5565,-1,,0
5566,-1,,0
5567,-1,,0
5568,-1,,0
5569,-1,,0
5570,-1,,0
5571,-1,,0
5572,-1,,0
5573,-1,,0
